trap_check_date,year,month,day,genus,species,recapture,sex,age,mass_g,reprod_cond,web_trap_number,comments,rhf,body,tail
1991-03-15,1991,3,15,Chaetodipus,penicillatus,N,M,A,13,ST,9,"Weather last night clear, cold.",NA,NA,NA
1991-03-15,1991,3,15,Chaetodipus,penicillatus,N,M,A,16,ST,13,NA,NA,NA,NA
1991-03-15,1991,3,15,Chaetodipus,penicillatus,N,M,A,14.5,ST,39,NA,NA,NA,NA
1991-03-15,1991,3,15,Chaetodipus,penicillatus,N,M,A,16,NA,45,NA,NA,NA,NA
1991-03-15,1991,3,15,Chaetodipus,penicillatus,N,M,A,14.5,ST,56,NA,NA,NA,NA
1991-03-15,1991,3,15,Chaetodipus,penicillatus,N,M,A,15,ST,75,NA,NA,NA,NA
1991-03-15,1991,3,15,Chaetodipus,penicillatus,N,M,A,15,NA,79,NA,NA,NA,NA
1991-03-15,1991,3,15,Chaetodipus,penicillatus,N,M,A,16,NA,88,NA,NA,NA,NA
1991-03-15,1991,3,15,Chaetodipus,penicillatus,N,M,A,15,ST,102,NA,NA,NA,NA
1991-03-15,1991,3,15,Chaetodipus,penicillatus,N,M,A,17,NA,123,NA,NA,NA,NA
1991-03-15,1991,3,15,Chaetodipus,penicillatus,N,M,A,13.5,ST,127,NA,NA,NA,NA
1991-03-15,1991,3,15,Chaetodipus,penicillatus,N,F,A,21,NA,145,NA,NA,NA,NA
1991-03-15,1991,3,15,Dipodomys,merriami,N,F,A,42,NA,20,NA,NA,NA,NA
1991-03-15,1991,3,15,Dipodomys,merriami,N,M,A,40,NA,21,NA,NA,NA,NA
1991-03-15,1991,3,15,Dipodomys,merriami,N,F,A,36,NA,27,NA,NA,NA,NA
1991-03-15,1991,3,15,Dipodomys,merriami,N,M,SA,34,NA,35,NA,NA,NA,NA
1991-03-15,1991,3,15,Dipodomys,merriami,N,M,A,42,ST,42,NA,NA,NA,NA
1991-03-15,1991,3,15,Dipodomys,merriami,N,F,A,36,NA,43,NA,NA,NA,NA
1991-03-15,1991,3,15,Dipodomys,merriami,N,F,A,36.5,NA,44,NA,NA,NA,NA
1991-03-15,1991,3,15,Dipodomys,merriami,N,M,A,44,ST,54,NA,NA,NA,NA
1991-03-15,1991,3,15,Dipodomys,merriami,N,M,A,43,NA,71,NA,NA,NA,NA
1991-03-15,1991,3,15,Dipodomys,merriami,N,M,A,45,NA,95,NA,NA,NA,NA
1991-03-15,1991,3,15,Dipodomys,merriami,N,M,A,46,ST,98,NA,NA,NA,NA
1991-03-15,1991,3,15,Dipodomys,merriami,N,M,A,43,ST,99,NA,NA,NA,NA
1991-03-15,1991,3,15,Dipodomys,merriami,N,F,A,35,NA,101,NA,NA,NA,NA
1991-03-15,1991,3,15,Dipodomys,merriami,N,M,A,38,ST,106,NA,NA,NA,NA
1991-03-15,1991,3,15,Dipodomys,merriami,N,F,A,40,NA,118,NA,NA,NA,NA
1991-03-15,1991,3,15,Dipodomys,merriami,N,F,J,22,NA,138,NA,NA,NA,NA
1991-03-15,1991,3,15,Dipodomys,merriami,N,M,A,40.5,ST,142,NA,NA,NA,NA
1991-03-15,1991,3,15,Neotoma,albigula,N,M,SA,102,NA,107,NA,NA,NA,NA
1991-03-15,1991,3,15,Peromyscus,eremicus,N,M,J,9.5,NA,11,NA,NA,NA,NA
1991-03-16,1991,3,16,Chaetodipus,baileyi,N,M,A,NA,ST,58,"Weather cold, rainy; ice on plants.",NA,NA,NA
1991-03-16,1991,3,16,Chaetodipus,penicillatus,N,M,A,NA,ST,9,NA,NA,NA,NA
1991-03-16,1991,3,16,Chaetodipus,penicillatus,N,F,A,NA,NA,19,NA,NA,NA,NA
1991-03-16,1991,3,16,Chaetodipus,penicillatus,N,M,A,NA,ST,22,NA,NA,NA,NA
1991-03-16,1991,3,16,Chaetodipus,penicillatus,N,M,A,NA,ST,29,NA,NA,NA,NA
1991-03-16,1991,3,16,Chaetodipus,penicillatus,N,F,A,NA,NA,41,NA,NA,NA,NA
1991-03-16,1991,3,16,Chaetodipus,penicillatus,N,M,A,NA,NA,70,NA,NA,NA,NA
1991-03-16,1991,3,16,Chaetodipus,penicillatus,N,M,A,NA,NA,93,NA,NA,NA,NA
1991-03-16,1991,3,16,Chaetodipus,penicillatus,N,M,A,NA,NA,103,NA,NA,NA,NA
1991-03-16,1991,3,16,Chaetodipus,penicillatus,N,M,A,NA,ST,106,NA,NA,NA,NA
1991-03-16,1991,3,16,Chaetodipus,penicillatus,N,M,A,NA,ST,107,Ticks at base of tail.,NA,NA,NA
1991-03-16,1991,3,16,Chaetodipus,penicillatus,N,M,A,NA,ST,124,NA,NA,NA,NA
1991-03-16,1991,3,16,Chaetodipus,penicillatus,Y,NA,A,NA,NA,2,"Pesola scale broken, weights not recorded.",NA,NA,NA
1991-03-16,1991,3,16,Chaetodipus,penicillatus,Y,NA,A,NA,NA,44,NA,NA,NA,NA
1991-03-16,1991,3,16,Chaetodipus,penicillatus,Y,NA,A,NA,NA,56,NA,NA,NA,NA
1991-03-16,1991,3,16,Chaetodipus,penicillatus,Y,NA,A,NA,NA,63,NA,NA,NA,NA
1991-03-16,1991,3,16,Chaetodipus,penicillatus,Y,NA,A,NA,NA,79,NA,NA,NA,NA
1991-03-16,1991,3,16,Chaetodipus,penicillatus,Y,NA,A,NA,NA,87,NA,NA,NA,NA
1991-03-16,1991,3,16,Chaetodipus,penicillatus,Y,NA,A,NA,NA,123,NA,NA,NA,NA
1991-03-16,1991,3,16,Dipodomys,merriami,N,M,A,NA,ST,18,NA,NA,NA,NA
1991-03-16,1991,3,16,Dipodomys,merriami,N,M,A,NA,NA,48,NA,NA,NA,NA
1991-03-16,1991,3,16,Dipodomys,merriami,N,M,A,NA,ST,72,NA,NA,NA,NA
1991-03-16,1991,3,16,Dipodomys,merriami,N,F,A,NA,NA,132,NA,NA,NA,NA
1991-03-16,1991,3,16,Dipodomys,merriami,Y,NA,A,NA,NA,21,NA,NA,NA,NA
1991-03-16,1991,3,16,Dipodomys,merriami,Y,NA,A,NA,NA,42,NA,NA,NA,NA
1991-03-16,1991,3,16,Dipodomys,merriami,Y,M,A,NA,NA,43,NA,NA,NA,NA
1991-03-16,1991,3,16,Dipodomys,merriami,Y,M,A,NA,ST,55,NA,NA,NA,NA
1991-03-16,1991,3,16,Dipodomys,merriami,Y,NA,A,NA,NA,71,NA,NA,NA,NA
1991-03-16,1991,3,16,Dipodomys,merriami,Y,NA,A,NA,NA,77,NA,NA,NA,NA
1991-03-16,1991,3,16,Dipodomys,merriami,Y,NA,A,NA,NA,91,NA,NA,NA,NA
1991-03-16,1991,3,16,Dipodomys,merriami,Y,NA,A,NA,NA,96,NA,NA,NA,NA
1991-03-16,1991,3,16,Dipodomys,merriami,Y,NA,A,NA,NA,98,NA,NA,NA,NA
1991-03-16,1991,3,16,Dipodomys,merriami,Y,F,A,NA,NA,119,NA,NA,NA,NA
1991-03-16,1991,3,16,Neotoma,albigula,N,F,A,NA,NA,94,NA,NA,NA,NA
1991-03-16,1991,3,16,Neotoma,albigula,N,F,A,NA,NA,108,NA,NA,NA,NA
1991-03-16,1991,3,16,Neotoma,albigula,Y,NA,A,NA,NA,112,NA,NA,NA,NA
1991-03-16,1991,3,16,Perognathus,amplus,N,F,A,NA,NA,76,ID tentative -- might be young C. pennicilatus?,NA,NA,NA
1991-03-16,1991,3,16,Perognathus,amplus,N,F,A,NA,NA,105,ID tentative -- might be young C. pennicilatus?,NA,NA,NA
1991-03-16,1991,3,16,Perognathus,amplus,N,M,A,NA,NA,NA,ID tentative -- might be young C. pennicilatus?,NA,NA,NA
1991-03-16,1991,3,16,Perognathus,amplus,Y,NA,A,NA,NA,121,ID tentative -- might be young C. pennicilatus?,NA,NA,NA
1992-03-20,1992,3,20,Chaetodipus,baileyi,N,M,A,25,ST,2,"Warm, sunny; full moon, clear last night.",NA,NA,NA
1992-03-20,1992,3,20,Chaetodipus,baileyi,N,F,A,26,NA,36,NA,NA,NA,NA
1992-03-20,1992,3,20,Chaetodipus,baileyi,N,M,A,33,ST,70,NA,NA,NA,NA
1992-03-20,1992,3,20,Chaetodipus,baileyi,N,M,A,28,ST,75,NA,NA,NA,NA
1992-03-20,1992,3,20,Chaetodipus,baileyi,N,F,A,26,NA,89,NA,NA,NA,NA
1992-03-20,1992,3,20,Chaetodipus,baileyi,N,F,A,24,NA,105,NA,NA,NA,NA
1992-03-20,1992,3,20,Chaetodipus,baileyi,N,F,A,24,NA,112,NA,NA,NA,NA
1992-03-20,1992,3,20,Chaetodipus,baileyi,N,F,A,25,NA,117,NA,NA,NA,NA
1992-03-20,1992,3,20,Chaetodipus,baileyi,N,M,A,34,ST,126,NA,NA,NA,NA
1992-03-20,1992,3,20,Chaetodipus,penicillatus,N,NA,A,14,NA,23,Sex not recorded.,NA,NA,NA
1992-03-20,1992,3,20,Chaetodipus,penicillatus,N,M,A,23,NA,24,NA,NA,NA,NA
1992-03-20,1992,3,20,Chaetodipus,penicillatus,N,M,A,20,ST,35,NA,NA,NA,NA
1992-03-20,1992,3,20,Chaetodipus,penicillatus,N,M,A,15,ST,40,NA,NA,NA,NA
1992-03-20,1992,3,20,Chaetodipus,penicillatus,N,M,A,21,ST,57,NA,NA,NA,NA
1992-03-20,1992,3,20,Chaetodipus,penicillatus,N,M,A,20,ST,69,NA,NA,NA,NA
1992-03-20,1992,3,20,Chaetodipus,penicillatus,N,M,A,18,ST,83,NA,NA,NA,NA
1992-03-20,1992,3,20,Chaetodipus,penicillatus,N,M,A,15,ST,115,NA,NA,NA,NA
1992-03-20,1992,3,20,Chaetodipus,penicillatus,N,F,A,18,NA,120,NA,NA,NA,NA
1992-03-20,1992,3,20,Chaetodipus,penicillatus,N,F,A,22,NA,127,NA,NA,NA,NA
1992-03-20,1992,3,20,Chaetodipus,penicillatus,N,M,A,21,ST,129,NA,NA,NA,NA
1992-03-20,1992,3,20,Dipodomys,merriami,N,F,A,42,NA,1,NA,NA,NA,NA
1992-03-20,1992,3,20,Dipodomys,merriami,N,M,A,44,ST,5,NA,NA,NA,NA
1992-03-20,1992,3,20,Dipodomys,merriami,N,M,A,43,ST,6,NA,NA,NA,NA
1992-03-20,1992,3,20,Dipodomys,merriami,N,M,A,45,ST,7,NA,NA,NA,NA
1992-03-20,1992,3,20,Dipodomys,merriami,N,M,A,39,ST,8,NA,NA,NA,NA
1992-03-20,1992,3,20,Dipodomys,merriami,N,F,A,42,NA,17,NA,NA,NA,NA
1992-03-20,1992,3,20,Dipodomys,merriami,N,M,A,42,NA,19,NA,NA,NA,NA
1992-03-20,1992,3,20,Dipodomys,merriami,N,F,A,44,NA,21,NA,NA,NA,NA
1992-03-20,1992,3,20,Dipodomys,merriami,N,F,A,40,NA,29,NA,NA,NA,NA
1992-03-20,1992,3,20,Dipodomys,merriami,N,F,A,39,NA,41,NA,NA,NA,NA
1992-03-20,1992,3,20,Dipodomys,merriami,N,F,A,41,NA,46,NA,NA,NA,NA
1992-03-20,1992,3,20,Dipodomys,merriami,N,M,A,39,NA,54,NA,NA,NA,NA
1992-03-20,1992,3,20,Dipodomys,merriami,N,F,A,35,NA,56,NA,NA,NA,NA
1992-03-20,1992,3,20,Dipodomys,merriami,N,F,A,40,NA,59,NA,NA,NA,NA
1992-03-20,1992,3,20,Dipodomys,merriami,N,F,A,36,NA,65,NA,NA,NA,NA
1992-03-20,1992,3,20,Dipodomys,merriami,N,F,A,41,LACT,67,NA,NA,NA,NA
1992-03-20,1992,3,20,Dipodomys,merriami,N,M,A,45,ST,68,NA,NA,NA,NA
1992-03-20,1992,3,20,Dipodomys,merriami,N,M,A,40,NA,79,NA,NA,NA,NA
1992-03-20,1992,3,20,Dipodomys,merriami,N,F,A,42,LACT,84,NA,NA,NA,NA
1992-03-20,1992,3,20,Dipodomys,merriami,N,M,A,41,ST,91,NA,NA,NA,NA
1992-03-20,1992,3,20,Dipodomys,merriami,N,M,J,20,NA,92,NA,NA,NA,NA
1992-03-20,1992,3,20,Dipodomys,merriami,N,F,A,41,NA,103,NA,NA,NA,NA
1992-03-20,1992,3,20,Dipodomys,merriami,N,F,A,47,NA,107,NA,NA,NA,NA
1992-03-20,1992,3,20,Dipodomys,merriami,N,M,A,42,ST,122,NA,NA,NA,NA
1992-03-20,1992,3,20,Dipodomys,merriami,N,F,A,35,NA,130,NA,NA,NA,NA
1992-03-20,1992,3,20,Dipodomys,merriami,N,F,SA,34,NA,139,NA,NA,NA,NA
1992-03-20,1992,3,20,Dipodomys,merriami,N,M,A,39,NA,140,NA,NA,NA,NA
1992-03-20,1992,3,20,Dipodomys,merriami,N,M,A,43,NA,141,NA,NA,NA,NA
1992-03-20,1992,3,20,Dipodomys,merriami,N,M,A,38,ST,142,NA,NA,NA,NA
1992-03-20,1992,3,20,Dipodomys,merriami,N,F,A,46,NA,143,NA,NA,NA,NA
1992-03-20,1992,3,20,Dipodomys,merriami,N,M,A,41,ST,144,NA,NA,NA,NA
1992-03-20,1992,3,20,Neotoma,albigula,N,M,SA,105,NA,124,NA,NA,NA,NA
1992-03-20,1992,3,20,Onychomys,torridus,N,F,A,19,NA,77,NA,NA,NA,NA
1992-03-20,1992,3,20,Perognathus,amplus,N,M,A,10,ST,108,NA,NA,NA,NA
1992-03-20,1992,3,20,Perognathus,amplus,N,M,A,9,NA,110,NA,NA,NA,NA
1992-03-21,1992,3,21,Chaetodipus,baileyi,N,F,A,34,NA,19,NA,NA,NA,NA
1992-03-21,1992,3,21,Chaetodipus,baileyi,N,M,A,26,ST,60,NA,NA,NA,NA
1992-03-21,1992,3,21,Chaetodipus,baileyi,N,F,A,24,NA,70,NA,NA,NA,NA
1992-03-21,1992,3,21,Chaetodipus,baileyi,N,M,A,39,ST,71,NA,NA,NA,NA
1992-03-21,1992,3,21,Chaetodipus,baileyi,N,M,A,27,NA,138,NA,NA,NA,NA
1992-03-21,1992,3,21,Chaetodipus,baileyi,Y,NA,NA,NA,NA,2,NA,NA,NA,NA
1992-03-21,1992,3,21,Chaetodipus,baileyi,Y,NA,NA,NA,NA,24,NA,NA,NA,NA
1992-03-21,1992,3,21,Chaetodipus,baileyi,Y,NA,NA,NA,NA,103,NA,NA,NA,NA
1992-03-21,1992,3,21,Chaetodipus,baileyi,Y,NA,NA,NA,NA,106,NA,NA,NA,NA
1992-03-21,1992,3,21,Chaetodipus,baileyi,Y,NA,NA,NA,NA,112,NA,NA,NA,NA
1992-03-21,1992,3,21,Chaetodipus,baileyi,Y,NA,NA,NA,NA,113,NA,NA,NA,NA
1992-03-21,1992,3,21,Chaetodipus,baileyi,Y,NA,NA,NA,NA,115,NA,NA,NA,NA
1992-03-21,1992,3,21,Chaetodipus,penicillatus,N,F,A,15,NA,5,NA,NA,NA,NA
1992-03-21,1992,3,21,Chaetodipus,penicillatus,N,F,SA,12,NA,7,NA,NA,NA,NA
1992-03-21,1992,3,21,Chaetodipus,penicillatus,N,M,A,17,ST,12,NA,NA,NA,NA
1992-03-21,1992,3,21,Chaetodipus,penicillatus,N,M,A,20,ST,22,NA,NA,NA,NA
1992-03-21,1992,3,21,Chaetodipus,penicillatus,N,M,A,17,ST,23,NA,NA,NA,NA
1992-03-21,1992,3,21,Chaetodipus,penicillatus,N,M,A,15,ST,40,NA,NA,NA,NA
1992-03-21,1992,3,21,Chaetodipus,penicillatus,N,M,A,19,ST,55,NA,NA,NA,NA
1992-03-21,1992,3,21,Chaetodipus,penicillatus,N,F,A,16,NA,58,NA,NA,NA,NA
1992-03-21,1992,3,21,Chaetodipus,penicillatus,N,M,A,19,ST,59,NA,NA,NA,NA
1992-03-21,1992,3,21,Chaetodipus,penicillatus,N,F,A,13,NA,81,NA,NA,NA,NA
1992-03-21,1992,3,21,Chaetodipus,penicillatus,N,F,A,20,NA,84,NA,NA,NA,NA
1992-03-21,1992,3,21,Chaetodipus,penicillatus,N,M,A,17,ST,92,NA,NA,NA,NA
1992-03-21,1992,3,21,Chaetodipus,penicillatus,N,M,A,18,ST,95,NA,NA,NA,NA
1992-03-21,1992,3,21,Chaetodipus,penicillatus,N,M,A,15,ST,118,NA,NA,NA,NA
1992-03-21,1992,3,21,Chaetodipus,penicillatus,N,M,A,20,ST,119,NA,NA,NA,NA
1992-03-21,1992,3,21,Chaetodipus,penicillatus,N,M,SA,12,NA,127,NA,NA,NA,NA
1992-03-21,1992,3,21,Chaetodipus,penicillatus,N,M,A,21,ST,131,NA,NA,NA,NA
1992-03-21,1992,3,21,Chaetodipus,penicillatus,N,M,A,20,ST,132,NA,NA,NA,NA
1992-03-21,1992,3,21,Chaetodipus,penicillatus,Y,NA,NA,NA,NA,39,NA,NA,NA,NA
1992-03-21,1992,3,21,Chaetodipus,penicillatus,Y,NA,NA,NA,NA,83,NA,NA,NA,NA
1992-03-21,1992,3,21,Dipodomys,merriami,N,M,A,43,ST,11,NA,NA,NA,NA
1992-03-21,1992,3,21,Dipodomys,merriami,N,F,A,39,NA,35,NA,NA,NA,NA
1992-03-21,1992,3,21,Dipodomys,merriami,N,M,A,45,ST,69,NA,NA,NA,NA
1992-03-21,1992,3,21,Dipodomys,merriami,N,F,A,40,NA,72,NA,NA,NA,NA
1992-03-21,1992,3,21,Dipodomys,merriami,N,F,A,40,NA,94,NA,NA,NA,NA
1992-03-21,1992,3,21,Dipodomys,merriami,N,F,A,39,NA,120,NA,NA,NA,NA
1992-03-21,1992,3,21,Dipodomys,merriami,N,F,A,39,NA,132,NA,NA,NA,NA
1992-03-21,1992,3,21,Dipodomys,merriami,Y,NA,NA,NA,NA,6,NA,NA,NA,NA
1992-03-21,1992,3,21,Dipodomys,merriami,Y,NA,NA,NA,NA,9,"Clear, warm day; clear, moonlit sky last night.",NA,NA,NA
1992-03-21,1992,3,21,Dipodomys,merriami,Y,NA,NA,NA,NA,17,NA,NA,NA,NA
1992-03-21,1992,3,21,Dipodomys,merriami,Y,NA,NA,NA,NA,18,NA,NA,NA,NA
1992-03-21,1992,3,21,Dipodomys,merriami,Y,NA,NA,NA,NA,20,NA,NA,NA,NA
1992-03-21,1992,3,21,Dipodomys,merriami,Y,NA,NA,NA,NA,52,NA,NA,NA,NA
1992-03-21,1992,3,21,Dipodomys,merriami,Y,NA,NA,NA,NA,53,NA,NA,NA,NA
1992-03-21,1992,3,21,Dipodomys,merriami,Y,NA,NA,NA,NA,67,NA,NA,NA,NA
1992-03-21,1992,3,21,Dipodomys,merriami,Y,NA,NA,NA,NA,79,NA,NA,NA,NA
1992-03-21,1992,3,21,Dipodomys,merriami,Y,NA,NA,NA,NA,98,NA,NA,NA,NA
1992-03-21,1992,3,21,Dipodomys,merriami,Y,NA,NA,NA,NA,130,NA,NA,NA,NA
1992-03-21,1992,3,21,Dipodomys,merriami,Y,NA,NA,NA,NA,141,NA,NA,NA,NA
1992-03-21,1992,3,21,Dipodomys,merriami,Y,NA,NA,NA,NA,142,NA,NA,NA,NA
1992-03-21,1992,3,21,Dipodomys,merriami,Y,NA,NA,NA,NA,NA,Trap # not recorded.,NA,NA,NA
1992-03-21,1992,3,21,Onychomys,torridus,Y,NA,NA,NA,NA,74,NA,NA,NA,NA
1992-03-21,1992,3,21,Perognathus,amplus,Y,NA,NA,NA,NA,66,NA,NA,NA,NA
1993-03-19,1993,3,19,Chaetodipus,baileyi,N,M,A,36,NA,7,NA,NA,NA,NA
1993-03-19,1993,3,19,Chaetodipus,baileyi,N,NA,A,38,NA,9,NA,NA,NA,NA
1993-03-19,1993,3,19,Chaetodipus,baileyi,N,F,A,25,NA,33,NA,NA,NA,NA
1993-03-19,1993,3,19,Chaetodipus,baileyi,N,M,A,32,ST,43,NA,NA,NA,NA
1993-03-19,1993,3,19,Chaetodipus,baileyi,N,M,A,42,NA,45,NA,NA,NA,NA
1993-03-19,1993,3,19,Chaetodipus,baileyi,N,M,A,32,NA,72,NA,NA,NA,NA
1993-03-19,1993,3,19,Chaetodipus,baileyi,N,M,A,26,ST,76,NA,NA,NA,NA
1993-03-19,1993,3,19,Chaetodipus,baileyi,N,M,A,32,NA,82,NA,NA,NA,NA
1993-03-19,1993,3,19,Chaetodipus,baileyi,N,M,A,36,ST,102,NA,NA,NA,NA
1993-03-19,1993,3,19,Chaetodipus,baileyi,N,M,A,28,NA,119,NA,NA,NA,NA
1993-03-19,1993,3,19,Chaetodipus,baileyi,N,F,A,29,NA,126,NA,NA,NA,NA
1993-03-19,1993,3,19,Chaetodipus,baileyi,N,M,A,32,ST,128,NA,NA,NA,NA
1993-03-19,1993,3,19,Chaetodipus,baileyi,N,M,A,35,ST,135,NA,NA,NA,NA
1993-03-19,1993,3,19,Chaetodipus,baileyi,N,F,A,25,NA,141,NA,NA,NA,NA
1993-03-19,1993,3,19,Chaetodipus,penicillatus,N,M,A,18,ST,35,NA,NA,NA,NA
1993-03-19,1993,3,19,Chaetodipus,penicillatus,N,M,A,23,ST,37,NA,NA,NA,NA
1993-03-19,1993,3,19,Chaetodipus,penicillatus,N,M,A,19,ST,39,NA,NA,NA,NA
1993-03-19,1993,3,19,Chaetodipus,penicillatus,N,M,A,17,ST,42,NA,NA,NA,NA
1993-03-19,1993,3,19,Chaetodipus,penicillatus,N,M,A,22,NA,48,NA,NA,NA,NA
1993-03-19,1993,3,19,Chaetodipus,penicillatus,N,M,SA,12,NA,64,NA,NA,NA,NA
1993-03-19,1993,3,19,Chaetodipus,penicillatus,N,M,A,23,NA,71,NA,NA,NA,NA
1993-03-19,1993,3,19,Chaetodipus,penicillatus,N,NA,A,21,NA,105,Sex not recorded.,NA,NA,NA
1993-03-19,1993,3,19,Chaetodipus,penicillatus,N,F,A,20,NA,123,NA,NA,NA,NA
1993-03-19,1993,3,19,Dipodomys,merriami,N,F,A,37,NA,6,NA,NA,NA,NA
1993-03-19,1993,3,19,Dipodomys,merriami,N,M,A,42,ST,8,NA,NA,NA,NA
1993-03-19,1993,3,19,Dipodomys,merriami,N,F,A,37,NA,20,NA,NA,NA,NA
1993-03-19,1993,3,19,Dipodomys,merriami,N,F,A,39,NA,27,NA,NA,NA,NA
1993-03-19,1993,3,19,Dipodomys,merriami,N,M,A,36,NA,41,NA,NA,NA,NA
1993-03-19,1993,3,19,Dipodomys,merriami,N,M,A,37,ST,52,NA,NA,NA,NA
1993-03-19,1993,3,19,Dipodomys,merriami,N,M,A,37,ST,53,NA,NA,NA,NA
1993-03-19,1993,3,19,Dipodomys,merriami,N,F,A,38,NA,54,NA,NA,NA,NA
1993-03-19,1993,3,19,Dipodomys,merriami,N,F,J,21,NA,55,NA,NA,NA,NA
1993-03-19,1993,3,19,Dipodomys,merriami,N,M,A,42,ST,57,NA,NA,NA,NA
1993-03-19,1993,3,19,Dipodomys,merriami,N,F,A,38,NA,60,NA,NA,NA,NA
1993-03-19,1993,3,19,Dipodomys,merriami,N,M,A,37,NA,67,NA,NA,NA,NA
1993-03-19,1993,3,19,Dipodomys,merriami,N,F,A,36,NA,77,NA,NA,NA,NA
1993-03-19,1993,3,19,Dipodomys,merriami,N,M,A,38,ST,80,NA,NA,NA,NA
1993-03-19,1993,3,19,Dipodomys,merriami,N,F,A,48,NA,89,NA,NA,NA,NA
1993-03-19,1993,3,19,Dipodomys,merriami,N,M,A,45,ST,90,NA,NA,NA,NA
1993-03-19,1993,3,19,Dipodomys,merriami,N,M,A,41,ST,107,NA,NA,NA,NA
1993-03-19,1993,3,19,Dipodomys,merriami,N,M,SA,34,NA,116,NA,NA,NA,NA
1993-03-19,1993,3,19,Dipodomys,merriami,N,M,A,40,ST,122,NA,NA,NA,NA
1993-03-19,1993,3,19,Dipodomys,merriami,N,F,A,39,NA,131,NA,NA,NA,NA
1993-03-19,1993,3,19,Dipodomys,merriami,N,M,A,40,ST,136,NA,NA,NA,NA
1993-03-19,1993,3,19,Dipodomys,merriami,N,M,A,41,ST,138,NA,NA,NA,NA
1993-03-19,1993,3,19,Dipodomys,merriami,N,M,A,42,ST,142,NA,NA,NA,NA
1993-03-19,1993,3,19,Neotoma,albigula,N,F,A,172,NA,12,NA,NA,NA,NA
1993-03-19,1993,3,19,Neotoma,albigula,N,F,A,182,LACT,22,NA,NA,NA,NA
1993-03-19,1993,3,19,Neotoma,albigula,N,M,A,170,NA,44,NA,NA,NA,NA
1993-03-19,1993,3,19,Neotoma,albigula,N,F,SA,118,NA,47,NA,NA,NA,NA
1993-03-19,1993,3,19,Neotoma,albigula,N,F,A,200,PREG,70,NA,NA,NA,NA
1993-03-19,1993,3,19,Neotoma,albigula,N,F,A,160,NA,114,NA,NA,NA,NA
1993-03-19,1993,3,19,Perognathus,amplus,N,M,A,12,NA,28,NA,NA,NA,NA
1993-03-19,1993,3,19,Perognathus,amplus,N,F,A,12,NA,32,NA,NA,NA,NA
1993-03-19,1993,3,19,Perognathus,amplus,N,F,A,13,NA,127,NA,NA,NA,NA
1993-03-19,1993,3,19,Perognathus,amplus,N,M,A,14,ST,130,May be a juvenile Chaetodipus pennicilatus?,NA,NA,NA
1993-03-19,1993,3,19,Peromyscus,eremicus,N,F,A,26,PREG,16,NA,NA,NA,NA
1993-03-20,1993,3,20,Chaetodipus,baileyi,N,M,A,26,ST,33,NA,NA,NA,NA
1993-03-20,1993,3,20,Chaetodipus,baileyi,N,M,A,28,ST,69,NA,NA,NA,NA
1993-03-20,1993,3,20,Chaetodipus,baileyi,N,F,A,24,NA,82,NA,NA,NA,NA
1993-03-20,1993,3,20,Chaetodipus,baileyi,N,M,A,36,ST,83,NA,NA,NA,NA
1993-03-20,1993,3,20,Chaetodipus,baileyi,N,F,A,26,NA,89,NA,NA,NA,NA
1993-03-20,1993,3,20,Chaetodipus,baileyi,N,M,A,27,NA,139,NA,NA,NA,NA
1993-03-20,1993,3,20,Chaetodipus,baileyi,N,M,A,31,ST,143,NA,NA,NA,NA
1993-03-20,1993,3,20,Chaetodipus,baileyi,N,M,A,45,ST,144,NA,NA,NA,NA
1993-03-20,1993,3,20,Chaetodipus,baileyi,Y,M,A,33,NA,7,NA,NA,NA,NA
1993-03-20,1993,3,20,Chaetodipus,baileyi,Y,M,A,36,ST,9,NA,NA,NA,NA
1993-03-20,1993,3,20,Chaetodipus,baileyi,Y,M,A,24,ST,40,NA,NA,NA,NA
1993-03-20,1993,3,20,Chaetodipus,baileyi,Y,M,A,34,NA,101,NA,NA,NA,NA
1993-03-20,1993,3,20,Chaetodipus,baileyi,Y,M,A,36,ST,102,NA,NA,NA,NA
1993-03-20,1993,3,20,Chaetodipus,baileyi,Y,F,A,28,NA,117,NA,NA,NA,NA
1993-03-20,1993,3,20,Chaetodipus,baileyi,Y,M,A,31,ST,126,NA,NA,NA,NA
1993-03-20,1993,3,20,Chaetodipus,penicillatus,N,F,A,22,NA,10,NA,NA,NA,NA
1993-03-20,1993,3,20,Chaetodipus,penicillatus,N,F,A,16,NA,46,NA,NA,NA,NA
1993-03-20,1993,3,20,Chaetodipus,penicillatus,N,F,A,19,NA,47,NA,NA,NA,NA
1993-03-20,1993,3,20,Chaetodipus,penicillatus,N,M,A,22,ST,95,NA,NA,NA,NA
1993-03-20,1993,3,20,Chaetodipus,penicillatus,N,F,A,21,NA,128,NA,NA,NA,NA
1993-03-20,1993,3,20,Chaetodipus,penicillatus,N,F,A,22,NA,131,NA,NA,NA,NA
1993-03-20,1993,3,20,Chaetodipus,penicillatus,Y,M,A,18,NA,42,NA,NA,NA,NA
1993-03-20,1993,3,20,Chaetodipus,penicillatus,Y,M,A,17,ST,43,NA,NA,NA,NA
1993-03-20,1993,3,20,Chaetodipus,penicillatus,Y,M,A,20,NA,104,NA,NA,NA,NA
1993-03-20,1993,3,20,Dipodomys,merriami,N,M,A,42,ST,5,NA,NA,NA,NA
1993-03-20,1993,3,20,Dipodomys,merriami,N,M,A,43,ST,55,NA,NA,NA,NA
1993-03-20,1993,3,20,Dipodomys,merriami,N,M,A,37,ST,67,NA,NA,NA,NA
1993-03-20,1993,3,20,Dipodomys,merriami,N,M,A,40,ST,91,NA,NA,NA,NA
1993-03-20,1993,3,20,Dipodomys,merriami,N,F,SA,32,NA,92,NA,NA,NA,NA
1993-03-20,1993,3,20,Dipodomys,merriami,N,F,A,45,NA,96,NA,NA,NA,NA
1993-03-20,1993,3,20,Dipodomys,merriami,N,F,A,39,NA,107,NA,NA,NA,NA
1993-03-20,1993,3,20,Dipodomys,merriami,N,F,A,40,NA,140,NA,NA,NA,NA
1993-03-20,1993,3,20,Dipodomys,merriami,Y,M,A,39,ST,4,NA,NA,NA,NA
1993-03-20,1993,3,20,Dipodomys,merriami,Y,M,A,35,NA,41,NA,NA,NA,NA
1993-03-20,1993,3,20,Dipodomys,merriami,Y,M,A,35,ST,48,NA,NA,NA,NA
1993-03-20,1993,3,20,Dipodomys,merriami,Y,F,A,35,NA,53,NA,NA,NA,NA
1993-03-20,1993,3,20,Dipodomys,merriami,Y,M,SA,33,NA,54,NA,NA,NA,NA
1993-03-20,1993,3,20,Dipodomys,merriami,Y,F,A,40,NA,60,NA,NA,NA,NA
1993-03-20,1993,3,20,Dipodomys,merriami,Y,M,A,37,NA,65,NA,NA,NA,NA
1993-03-20,1993,3,20,Dipodomys,merriami,Y,M,A,36,ST,68,NA,NA,NA,NA
1993-03-20,1993,3,20,Dipodomys,merriami,Y,F,J,22,NA,72,NA,NA,NA,NA
1993-03-20,1993,3,20,Dipodomys,merriami,Y,F,SA,32,NA,77,NA,NA,NA,NA
1993-03-20,1993,3,20,Dipodomys,merriami,Y,M,A,41,ST,106,NA,NA,NA,NA
1993-03-20,1993,3,20,Dipodomys,merriami,Y,F,SA,33,NA,118,NA,NA,NA,NA
1993-03-20,1993,3,20,Dipodomys,merriami,Y,M,A,38,NA,122,NA,NA,NA,NA
1993-03-20,1993,3,20,Dipodomys,merriami,Y,M,A,39,ST,127,NA,NA,NA,NA
1993-03-20,1993,3,20,Dipodomys,merriami,Y,F,A,39,NA,129,NA,NA,NA,NA
1993-03-20,1993,3,20,Dipodomys,merriami,Y,F,A,38,NA,138,NA,NA,NA,NA
1993-03-20,1993,3,20,Neotoma,albigula,N,M,A,216,ST,12,NA,NA,NA,NA
1993-03-20,1993,3,20,Neotoma,albigula,N,F,A,157,NA,22,NA,NA,NA,NA
1993-03-20,1993,3,20,Neotoma,albigula,N,M,A,261,ST,23,NA,NA,NA,NA
1993-03-20,1993,3,20,Neotoma,albigula,N,M,A,204,ST,36,NA,NA,NA,NA
1993-03-20,1993,3,20,Neotoma,albigula,N,M,A,222,NA,66,NA,NA,NA,NA
1993-03-20,1993,3,20,Neotoma,albigula,N,F,SA,108,NA,81,NA,NA,NA,NA
1993-03-20,1993,3,20,Neotoma,albigula,N,M,A,212,ST,86,NA,NA,NA,NA
1993-03-20,1993,3,20,Neotoma,albigula,N,M,SA,146,NA,93,NA,NA,NA,NA
1993-03-20,1993,3,20,Neotoma,albigula,N,M,SA,110,NA,123,NA,NA,NA,NA
1993-03-20,1993,3,20,Neotoma,albigula,N,F,SA,136,NA,130,NA,NA,NA,NA
1993-03-20,1993,3,20,Neotoma,albigula,N,M,A,239,ST,141,NA,NA,NA,NA
1993-03-20,1993,3,20,Neotoma,albigula,N,F,SA,140,NA,142,NA,NA,NA,NA
1993-03-20,1993,3,20,Neotoma,albigula,Y,F,SA,109,NA,44,NA,NA,NA,NA
1993-03-20,1993,3,20,Neotoma,albigula,Y,F,A,166,NA,120,NA,NA,NA,NA
1993-03-20,1993,3,20,Onychomys,torridus,N,F,A,25,NA,80,NA,NA,NA,NA
1993-03-20,1993,3,20,Onychomys,torridus,N,F,A,24,NA,116,NA,NA,NA,NA
1993-03-20,1993,3,20,Perognathus,amplus,N,M,A,14,ST,8,NA,NA,NA,NA
1993-03-20,1993,3,20,Perognathus,amplus,N,M,A,13,ST,57,NA,NA,NA,NA
1993-03-20,1993,3,20,Perognathus,amplus,N,NA,A,NA,NA,97,Escaped while being processed.,NA,NA,NA
1993-03-20,1993,3,20,Perognathus,amplus,Y,M,A,13,ST,52,NA,NA,NA,NA
1993-03-20,1993,3,20,Perognathus,amplus,Y,M,A,15,ST,103,May be a small Chaetodipus pennicilatus?,NA,NA,NA
1993-03-20,1993,3,20,Peromyscus,eremicus,N,NA,J,8,NA,34,Sex not recorded; very small juvenile (can't tell sex).,NA,NA,NA
1993-03-20,1993,3,20,Peromyscus,eremicus,N,M,A,18,ST,39,NA,NA,NA,NA
1993-03-20,1993,3,20,Peromyscus,eremicus,N,M,A,18,NA,84,NA,NA,NA,NA
1993-03-20,1993,3,20,Peromyscus,eremicus,Y,F,A,23,NA,28,NA,NA,NA,NA
1994-03-18,1994,3,18,Chaetodipus,baileyi,N,M,A,27.5,ST,4,NA,NA,NA,NA
1994-03-18,1994,3,18,Chaetodipus,baileyi,N,M,A,27,NA,6,NA,NA,NA,NA
1994-03-18,1994,3,18,Chaetodipus,baileyi,N,F,A,23.5,NA,9,NA,NA,NA,NA
1994-03-18,1994,3,18,Chaetodipus,baileyi,N,F,A,24.5,NA,12,NA,NA,NA,NA
1994-03-18,1994,3,18,Chaetodipus,baileyi,N,M,A,43.5,ST,20,NA,NA,NA,NA
1994-03-18,1994,3,18,Chaetodipus,baileyi,N,F,A,23,NA,24,NA,NA,NA,NA
1994-03-18,1994,3,18,Chaetodipus,baileyi,N,M,A,33,NA,30,NA,NA,NA,NA
1994-03-18,1994,3,18,Chaetodipus,baileyi,N,M,A,38,NA,45,NA,NA,NA,NA
1994-03-18,1994,3,18,Chaetodipus,baileyi,N,M,A,25.5,ST,47,NA,NA,NA,NA
1994-03-18,1994,3,18,Chaetodipus,baileyi,N,M,A,24,ST,54,NA,NA,NA,NA
1994-03-18,1994,3,18,Chaetodipus,baileyi,N,M,A,34.5,ST,58,NA,NA,NA,NA
1994-03-18,1994,3,18,Chaetodipus,baileyi,N,F,A,23,NA,65,NA,NA,NA,NA
1994-03-18,1994,3,18,Chaetodipus,baileyi,N,M,A,33,NA,81,NA,NA,NA,NA
1994-03-18,1994,3,18,Chaetodipus,baileyi,N,F,A,25,NA,82,NA,NA,NA,NA
1994-03-18,1994,3,18,Chaetodipus,baileyi,N,M,A,32,NA,94,NA,NA,NA,NA
1994-03-18,1994,3,18,Chaetodipus,baileyi,N,F,A,26,NA,97,NA,NA,NA,NA
1994-03-18,1994,3,18,Chaetodipus,baileyi,N,M,A,31,NA,106,NA,NA,NA,NA
1994-03-18,1994,3,18,Chaetodipus,baileyi,N,M,A,29,NA,107,NA,NA,NA,NA
1994-03-18,1994,3,18,Chaetodipus,baileyi,N,M,A,39,ST,111,NA,NA,NA,NA
1994-03-18,1994,3,18,Chaetodipus,baileyi,N,M,A,25.5,ST,114,NA,NA,NA,NA
1994-03-18,1994,3,18,Chaetodipus,baileyi,N,M,A,43,NA,116,NA,NA,NA,NA
1994-03-18,1994,3,18,Chaetodipus,baileyi,N,M,A,26,NA,125,NA,NA,NA,NA
1994-03-18,1994,3,18,Chaetodipus,baileyi,N,M,A,37,NA,129,NA,NA,NA,NA
1994-03-18,1994,3,18,Chaetodipus,baileyi,N,F,A,24,NA,141,NA,NA,NA,NA
1994-03-18,1994,3,18,Chaetodipus,baileyi,N,M,A,32,NA,144,NA,NA,NA,NA
1994-03-18,1994,3,18,Chaetodipus,penicillatus,N,F,A,19.5,NA,46,NA,NA,NA,NA
1994-03-18,1994,3,18,Chaetodipus,penicillatus,N,M,J,13,NA,131,NA,NA,NA,NA
1994-03-18,1994,3,18,Dipodomys,merriami,N,F,A,44,NA,8,NA,NA,NA,NA
1994-03-18,1994,3,18,Dipodomys,merriami,N,F,A,39,NA,18,NA,NA,NA,NA
1994-03-18,1994,3,18,Dipodomys,merriami,N,M,A,41,NA,21,NA,NA,NA,NA
1994-03-18,1994,3,18,Dipodomys,merriami,N,F,A,36,NA,34,NA,NA,NA,NA
1994-03-18,1994,3,18,Dipodomys,merriami,N,M,A,42,ST,43,NA,NA,NA,NA
1994-03-18,1994,3,18,Dipodomys,merriami,N,F,SA,34,NA,49,NA,NA,NA,NA
1994-03-18,1994,3,18,Dipodomys,merriami,N,M,A,37,ST,56,NA,NA,NA,NA
1994-03-18,1994,3,18,Dipodomys,merriami,N,M,A,42,ST,67,NA,NA,NA,NA
1994-03-18,1994,3,18,Dipodomys,merriami,N,M,A,37,NA,71,NA,NA,NA,NA
1994-03-18,1994,3,18,Dipodomys,merriami,N,F,A,37.5,NA,83,NA,NA,NA,NA
1994-03-18,1994,3,18,Dipodomys,merriami,N,M,A,41,ST,95,NA,NA,NA,NA
1994-03-18,1994,3,18,Dipodomys,merriami,N,F,SA,34,NA,103,NA,NA,NA,NA
1994-03-18,1994,3,18,Dipodomys,merriami,N,F,A,39,NA,105,NA,NA,NA,NA
1994-03-18,1994,3,18,Dipodomys,merriami,N,F,A,38,NA,120,NA,NA,NA,NA
1994-03-18,1994,3,18,Dipodomys,merriami,N,M,A,38,NA,126,NA,NA,NA,NA
1994-03-18,1994,3,18,Dipodomys,merriami,N,M,A,42,NA,127,NA,NA,NA,NA
1994-03-18,1994,3,18,Dipodomys,merriami,N,F,A,37.5,NA,128,NA,NA,NA,NA
1994-03-18,1994,3,18,Dipodomys,merriami,N,M,A,39,ST,132,NA,NA,NA,NA
1994-03-18,1994,3,18,Dipodomys,merriami,N,F,A,35,NA,137,NA,NA,NA,NA
1994-03-18,1994,3,18,Dipodomys,merriami,N,F,A,40,NA,142,NA,NA,NA,NA
1994-03-18,1994,3,18,Neotoma,albigula,N,F,A,153,NA,11,NA,NA,NA,NA
1994-03-18,1994,3,18,Neotoma,albigula,N,F,A,202,NA,23,NA,NA,NA,NA
1994-03-18,1994,3,18,Neotoma,albigula,N,F,A,172,NA,32,NA,NA,NA,NA
1994-03-18,1994,3,18,Neotoma,albigula,N,F,A,163,NA,44,NA,NA,NA,NA
1994-03-18,1994,3,18,Neotoma,albigula,N,M,J,78,NA,60,NA,NA,NA,NA
1994-03-18,1994,3,18,Neotoma,albigula,N,F,SA,130,NA,69,NA,NA,NA,NA
1994-03-18,1994,3,18,Neotoma,albigula,N,NA,A,NA,NA,75,Escaped while processing.,NA,NA,NA
1994-03-18,1994,3,18,Neotoma,albigula,N,M,A,NA,NA,108,Escaped while weighing.,NA,NA,NA
1994-03-18,1994,3,18,Neotoma,albigula,N,F,A,190,NA,130,NA,NA,NA,NA
1994-03-19,1994,3,19,Chaetodipus,baileyi,N,F,A,28,NA,23,NA,NA,NA,NA
1994-03-19,1994,3,19,Chaetodipus,baileyi,N,F,A,23,NA,36,NA,NA,NA,NA
1994-03-19,1994,3,19,Chaetodipus,baileyi,N,F,A,28,NA,45,NA,NA,NA,NA
1994-03-19,1994,3,19,Chaetodipus,baileyi,N,M,A,38,ST,63,NA,NA,NA,NA
1994-03-19,1994,3,19,Chaetodipus,baileyi,N,F,A,24,NA,84,NA,NA,NA,NA
1994-03-19,1994,3,19,Chaetodipus,baileyi,N,F,A,23,NA,94,NA,NA,NA,NA
1994-03-19,1994,3,19,Chaetodipus,baileyi,N,M,A,26.5,NA,127,NA,NA,NA,NA
1994-03-19,1994,3,19,Chaetodipus,baileyi,N,M,A,42,NA,131,NA,NA,NA,NA
1994-03-19,1994,3,19,Chaetodipus,baileyi,N,M,A,40,ST,143,NA,NA,NA,NA
1994-03-19,1994,3,19,Chaetodipus,baileyi,Y,M,A,26.5,NA,6,NA,NA,NA,NA
1994-03-19,1994,3,19,Chaetodipus,baileyi,Y,F,A,24.5,NA,9,NA,NA,NA,NA
1994-03-19,1994,3,19,Chaetodipus,baileyi,Y,M,A,42.5,ST,18,NA,NA,NA,NA
1994-03-19,1994,3,19,Chaetodipus,baileyi,Y,M,A,37,NA,42,NA,NA,NA,NA
1994-03-19,1994,3,19,Chaetodipus,baileyi,Y,M,A,26,ST,47,NA,NA,NA,NA
1994-03-19,1994,3,19,Chaetodipus,baileyi,Y,F,A,26,NA,61,NA,NA,NA,NA
1994-03-19,1994,3,19,Chaetodipus,baileyi,Y,M,A,23,ST,65,NA,NA,NA,NA
1994-03-19,1994,3,19,Chaetodipus,baileyi,Y,M,A,40,ST,98,NA,NA,NA,NA
1994-03-19,1994,3,19,Chaetodipus,baileyi,Y,M,A,30.5,NA,107,NA,NA,NA,NA
1994-03-19,1994,3,19,Chaetodipus,baileyi,Y,M,A,NA,NA,125,NA,NA,NA,NA
1994-03-19,1994,3,19,Chaetodipus,baileyi,Y,M,A,37,ST,129,NA,NA,NA,NA
1994-03-19,1994,3,19,Chaetodipus,baileyi,Y,F,A,24.5,NA,141,NA,NA,NA,NA
1994-03-19,1994,3,19,Chaetodipus,penicillatus,N,F,A,20.5,NA,34,NA,NA,NA,NA
1994-03-19,1994,3,19,Chaetodipus,penicillatus,N,F,A,20,NA,67,NA,NA,NA,NA
1994-03-19,1994,3,19,Chaetodipus,penicillatus,N,F,A,22.5,NA,91,NA,NA,NA,NA
1994-03-19,1994,3,19,Chaetodipus,penicillatus,N,F,A,18,NA,132,NA,NA,NA,NA
1994-03-19,1994,3,19,Dipodomys,merriami,N,M,A,41,ST,95,NA,NA,NA,NA
1994-03-19,1994,3,19,Dipodomys,merriami,Y,F,A,NA,NA,17,NA,NA,NA,NA
1994-03-19,1994,3,19,Dipodomys,merriami,Y,F,A,NA,NA,35,NA,NA,NA,NA
1994-03-19,1994,3,19,Dipodomys,merriami,Y,M,A,NA,NA,108,NA,NA,NA,NA
1994-03-19,1994,3,19,Dipodomys,merriami,Y,F,A,NA,NA,119,NA,NA,NA,NA
1994-03-19,1994,3,19,Dipodomys,merriami,Y,F,A,NA,NA,138,NA,NA,NA,NA
1994-03-19,1994,3,19,Neotoma,albigula,N,M,J,85,NA,10,NA,NA,NA,NA
1994-03-19,1994,3,19,Neotoma,albigula,N,F,A,159,NA,66,NA,NA,NA,NA
1994-03-19,1994,3,19,Neotoma,albigula,N,M,SA,142,NA,96,NA,NA,NA,NA
1995-03-17,1995,3,17,Chaetodipus,baileyi,N,M,A,38,ST,28,NA,NA,NA,NA
1995-03-17,1995,3,17,Chaetodipus,baileyi,N,M,A,26,ST,91,NA,NA,NA,NA
1995-03-17,1995,3,17,Chaetodipus,baileyi,N,F,A,24,NA,131,NA,NA,NA,NA
1995-03-17,1995,3,17,Chaetodipus,penicillatus,N,F,A,21,NA,47,NA,NA,NA,NA
1995-03-17,1995,3,17,Chaetodipus,penicillatus,N,M,A,21,ST,67,NA,NA,NA,NA
1995-03-17,1995,3,17,Chaetodipus,penicillatus,N,M,A,22,ST,82,NA,NA,NA,NA
1995-03-17,1995,3,17,Chaetodipus,penicillatus,N,M,A,19,ST,90,NA,NA,NA,NA
1995-03-17,1995,3,17,Chaetodipus,penicillatus,N,F,A,20.5,NA,92,NA,NA,NA,NA
1995-03-17,1995,3,17,Chaetodipus,penicillatus,N,M,A,16,ST,114,NA,NA,NA,NA
1995-03-17,1995,3,17,Dipodomys,merriami,N,M,A,43,ST,19,NA,NA,NA,NA
1995-03-17,1995,3,17,Dipodomys,merriami,N,F,A,41,NA,72,NA,NA,NA,NA
1995-03-17,1995,3,17,Dipodomys,merriami,N,F,A,44,NA,102,NA,NA,NA,NA
1995-03-17,1995,3,17,Dipodomys,merriami,N,M,A,38,ST,104,NA,NA,NA,NA
1995-03-17,1995,3,17,Dipodomys,merriami,N,M,A,41,ST,108,NA,NA,NA,NA
1995-03-17,1995,3,17,Dipodomys,merriami,N,F,A,41,NA,138,NA,NA,NA,NA
1995-03-17,1995,3,17,Dipodomys,merriami,N,M,A,46,ST,141,NA,NA,NA,NA
1995-03-17,1995,3,17,Neotoma,albigula,N,F,A,238,NA,12,NA,NA,NA,NA
1995-03-17,1995,3,17,Neotoma,albigula,N,F,A,157,NA,71,NA,NA,NA,NA
1995-03-17,1995,3,17,Neotoma,albigula,N,F,A,167,NA,78,NA,NA,NA,NA
1995-03-18,1995,3,18,Chaetodipus,baileyi,N,F,A,29,NA,57,NA,NA,NA,NA
1995-03-18,1995,3,18,Chaetodipus,baileyi,N,M,A,28,ST,71,NA,NA,NA,NA
1995-03-18,1995,3,18,Chaetodipus,baileyi,N,F,A,23,NA,89,NA,NA,NA,NA
1995-03-18,1995,3,18,Chaetodipus,baileyi,N,M,A,35,NA,107,NA,NA,NA,NA
1995-03-18,1995,3,18,Chaetodipus,baileyi,N,M,A,25,ST,130,NA,NA,NA,NA
1995-03-18,1995,3,18,Chaetodipus,baileyi,N,F,A,42,NA,131,NA,NA,NA,NA
1995-03-18,1995,3,18,Chaetodipus,penicillatus,N,M,A,16,NA,53,NA,NA,NA,NA
1995-03-18,1995,3,18,Chaetodipus,penicillatus,N,M,A,21,NA,54,NA,NA,NA,NA
1995-03-18,1995,3,18,Chaetodipus,penicillatus,N,F,A,22,NA,116,NA,NA,NA,NA
1995-03-18,1995,3,18,Chaetodipus,penicillatus,N,M,A,14,NA,117,NA,NA,NA,NA
1995-03-18,1995,3,18,Chaetodipus,penicillatus,N,M,A,14,ST,126,NA,NA,NA,NA
1995-03-18,1995,3,18,Chaetodipus,penicillatus,N,F,A,22,NA,128,NA,NA,NA,NA
1995-03-18,1995,3,18,Chaetodipus,penicillatus,Y,M,A,22,ST,83,NA,NA,NA,NA
1995-03-18,1995,3,18,Chaetodipus,penicillatus,Y,M,A,18,ST,90,NA,NA,NA,NA
1995-03-18,1995,3,18,Chaetodipus,penicillatus,Y,F,A,21,NA,91,NA,NA,NA,NA
1995-03-18,1995,3,18,Dipodomys,merriami,N,F,A,45,NA,8,NA,NA,NA,NA
1995-03-18,1995,3,18,Dipodomys,merriami,N,M,A,41,ST,84,NA,NA,NA,NA
1995-03-18,1995,3,18,Dipodomys,merriami,N,F,A,43,NA,132,NA,NA,NA,NA
1995-03-18,1995,3,18,Dipodomys,merriami,N,F,A,39,NA,142,NA,NA,NA,NA
1995-03-18,1995,3,18,Dipodomys,merriami,Y,M,A,38,ST,104,NA,NA,NA,NA
1995-03-18,1995,3,18,Neotoma,albigula,N,M,J,88,NA,23,NA,NA,NA,NA
1995-03-18,1995,3,18,Neotoma,albigula,N,M,A,261,ST,86,NA,NA,NA,NA
1995-03-18,1995,3,18,Neotoma,albigula,N,F,A,196,NA,144,NA,NA,NA,NA
1995-03-18,1995,3,18,Neotoma,albigula,Y,F,A,208,NA,12,NA,NA,NA,NA
1995-03-18,1995,3,18,Neotoma,albigula,Y,F,A,172,NA,65,NA,NA,NA,NA
1995-03-18,1995,3,18,Neotoma,albigula,Y,F,A,158,NA,70,NA,NA,NA,NA
1996-03-15,1996,3,15,Chaetodipus,baileyi,N,M,A,40,NA,18,NA,NA,NA,NA
1996-03-15,1996,3,15,Chaetodipus,baileyi,N,M,A,36,NA,19,NA,NA,NA,NA
1996-03-15,1996,3,15,Chaetodipus,baileyi,N,F,A,27,NA,22,NA,NA,NA,NA
1996-03-15,1996,3,15,Chaetodipus,baileyi,N,M,A,32,NA,59,NA,NA,NA,NA
1996-03-15,1996,3,15,Chaetodipus,baileyi,N,M,A,35,ST,77,NA,NA,NA,NA
1996-03-15,1996,3,15,Chaetodipus,baileyi,N,M,A,30,NA,92,NA,NA,NA,NA
1996-03-15,1996,3,15,Chaetodipus,baileyi,N,M,A,37.5,NA,94,NA,NA,NA,NA
1996-03-15,1996,3,15,Chaetodipus,baileyi,N,F,A,26,NA,124,NA,NA,NA,NA
1996-03-15,1996,3,15,Chaetodipus,baileyi,N,M,A,26,NA,140,NA,NA,NA,NA
1996-03-15,1996,3,15,Chaetodipus,penicillatus,N,M,A,19,NA,93,NA,NA,NA,NA
1996-03-15,1996,3,15,Chaetodipus,penicillatus,N,M,A,19,NA,107,NA,NA,NA,NA
1996-03-15,1996,3,15,Dipodomys,merriami,N,M,SA,30.5,NA,5,NA,NA,NA,NA
1996-03-15,1996,3,15,Dipodomys,merriami,N,M,A,45,NA,32,NA,NA,NA,NA
1996-03-15,1996,3,15,Dipodomys,merriami,N,F,SA,33,NA,84,NA,NA,NA,NA
1996-03-15,1996,3,15,Dipodomys,merriami,N,M,A,46,ST,129,NA,NA,NA,NA
1996-03-15,1996,3,15,Dipodomys,merriami,N,F,A,49,LACT,130,NA,NA,NA,NA
1996-03-15,1996,3,15,Neotoma,albigula,N,F,A,151,NA,91,NA,NA,NA,NA
1996-03-16,1996,3,16,Chaetodipus,baileyi,N,F,A,31,NA,12,NA,NA,NA,NA
1996-03-16,1996,3,16,Chaetodipus,baileyi,N,M,A,36,NA,46,NA,NA,NA,NA
1996-03-16,1996,3,16,Chaetodipus,baileyi,N,M,A,37,NA,66,NA,NA,NA,NA
1996-03-16,1996,3,16,Chaetodipus,baileyi,N,M,A,27,NA,107,NA,NA,NA,NA
1996-03-16,1996,3,16,Chaetodipus,baileyi,N,F,A,24.5,NA,139,NA,NA,NA,NA
1996-03-16,1996,3,16,Chaetodipus,baileyi,N,F,A,29,NA,143,NA,NA,NA,NA
1996-03-16,1996,3,16,Chaetodipus,baileyi,Y,M,A,35,NA,9,NA,NA,NA,NA
1996-03-16,1996,3,16,Chaetodipus,baileyi,Y,F,A,26,NA,124,NA,NA,NA,NA
1996-03-16,1996,3,16,Chaetodipus,penicillatus,N,F,A,22,NA,23,NA,NA,NA,NA
1996-03-16,1996,3,16,Chaetodipus,penicillatus,N,M,A,19,NA,72,NA,NA,NA,NA
1996-03-16,1996,3,16,Chaetodipus,penicillatus,N,M,A,19,NA,91,NA,NA,NA,NA
1996-03-16,1996,3,16,Chaetodipus,penicillatus,N,M,A,20,NA,103,NA,NA,NA,NA
1996-03-16,1996,3,16,Chaetodipus,penicillatus,Y,NA,A,20,NA,106,Sex not recorded.,NA,NA,NA
1996-03-16,1996,3,16,Dipodomys,merriami,N,M,A,49,ST,142,NA,NA,NA,NA
1996-03-16,1996,3,16,Neotoma,albigula,N,M,A,242,NA,48,NA,NA,NA,NA
1996-03-16,1996,3,16,Neotoma,albigula,N,F,A,181,NA,56,NA,NA,NA,NA
1996-03-16,1996,3,16,Neotoma,albigula,N,F,A,173,NA,81,NA,NA,NA,NA
1996-03-16,1996,3,16,Neotoma,albigula,N,F,SA,143,NA,82,NA,NA,NA,NA
1996-03-16,1996,3,16,Neotoma,albigula,N,F,A,193,NA,130,NA,NA,NA,NA
1997-03-21,1997,3,21,Chaetodipus,baileyi,N,M,A,24,ST,47,NA,NA,NA,NA
1997-03-21,1997,3,21,Chaetodipus,baileyi,N,F,A,26,NA,52,NA,NA,NA,NA
1997-03-21,1997,3,21,Chaetodipus,baileyi,N,M,A,31,ST,84,NA,NA,NA,NA
1997-03-21,1997,3,21,Chaetodipus,baileyi,N,M,A,30,ST,107,NA,NA,NA,NA
1997-03-21,1997,3,21,Chaetodipus,penicillatus,N,M,A,15,NA,78,NA,NA,NA,NA
1997-03-21,1997,3,21,Chaetodipus,penicillatus,N,M,A,15,ST,95,NA,NA,NA,NA
1997-03-21,1997,3,21,Chaetodipus,penicillatus,N,M,A,16,NA,97,NA,NA,NA,NA
1997-03-21,1997,3,21,Dipodomys,merriami,N,M,SA,34,ST,17,NA,NA,NA,NA
1997-03-21,1997,3,21,Dipodomys,merriami,N,M,A,42,NA,20,NA,NA,NA,NA
1997-03-21,1997,3,21,Dipodomys,merriami,N,M,A,40,ST,32,NA,NA,NA,NA
1997-03-21,1997,3,21,Dipodomys,merriami,N,F,A,36,NA,37,NA,NA,NA,NA
1997-03-21,1997,3,21,Dipodomys,merriami,N,F,A,38,NA,56,NA,NA,NA,NA
1997-03-21,1997,3,21,Dipodomys,merriami,N,F,SA,33,NA,104,NA,NA,NA,NA
1997-03-21,1997,3,21,Dipodomys,merriami,N,M,A,41,ST,112,NA,NA,NA,NA
1997-03-21,1997,3,21,Dipodomys,merriami,N,M,A,45,ST,132,NA,NA,NA,NA
1997-03-21,1997,3,21,Dipodomys,merriami,N,F,A,48,NA,144,NA,NA,NA,NA
1997-03-21,1997,3,21,Neotoma,albigula,N,F,SA,145,NA,50,NA,NA,NA,NA
1997-03-22,1997,3,22,Chaetodipus,baileyi,N,M,A,24,NA,10,NA,NA,NA,NA
1997-03-22,1997,3,22,Chaetodipus,baileyi,N,M,A,39,NA,36,NA,NA,NA,NA
1997-03-22,1997,3,22,Chaetodipus,baileyi,N,M,A,31,NA,54,NA,NA,NA,NA
1997-03-22,1997,3,22,Chaetodipus,baileyi,N,M,A,30,ST,84,NA,NA,NA,NA
1997-03-22,1997,3,22,Chaetodipus,baileyi,N,M,A,26,NA,102,NA,NA,NA,NA
1997-03-22,1997,3,22,Chaetodipus,baileyi,N,M,A,33,NA,120,NA,NA,NA,NA
1997-03-22,1997,3,22,Chaetodipus,baileyi,N,M,A,23,NA,123,NA,NA,NA,NA
1997-03-22,1997,3,22,Chaetodipus,baileyi,N,F,A,25,NA,124,NA,NA,NA,NA
1997-03-22,1997,3,22,Chaetodipus,baileyi,N,M,A,28,NA,128,NA,NA,NA,NA
1997-03-22,1997,3,22,Chaetodipus,baileyi,Y,M,A,32,NA,52,NA,NA,NA,NA
1997-03-22,1997,3,22,Chaetodipus,baileyi,Y,M,A,29,NA,107,NA,NA,NA,NA
1997-03-22,1997,3,22,Chaetodipus,penicillatus,N,F,A,22,NA,30,NA,NA,NA,NA
1997-03-22,1997,3,22,Chaetodipus,penicillatus,N,M,A,17,NA,79,NA,NA,NA,NA
1997-03-22,1997,3,22,Chaetodipus,penicillatus,N,F,SA,12,NA,82,NA,NA,NA,NA
1997-03-22,1997,3,22,Chaetodipus,penicillatus,N,M,A,17,NA,117,NA,NA,NA,NA
1997-03-22,1997,3,22,Chaetodipus,penicillatus,N,M,A,18,NA,142,NA,NA,NA,NA
1997-03-22,1997,3,22,Chaetodipus,penicillatus,Y,M,A,22,NA,47,NA,NA,NA,NA
1997-03-22,1997,3,22,Dipodomys,merriami,N,F,A,35,NA,131,NA,NA,NA,NA
1997-03-22,1997,3,22,Dipodomys,merriami,N,F,A,40,NA,137,NA,NA,NA,NA
1997-03-22,1997,3,22,Dipodomys,merriami,Y,M,SA,33,NA,17,NA,NA,NA,NA
1997-03-22,1997,3,22,Dipodomys,merriami,Y,F,A,37,NA,57,NA,NA,NA,NA
1997-03-22,1997,3,22,Dipodomys,merriami,Y,F,A,35,NA,58,NA,NA,NA,NA
1997-03-22,1997,3,22,Dipodomys,merriami,Y,M,A,44,ST,132,NA,NA,NA,NA
1997-03-22,1997,3,22,Neotoma,albigula,N,M,A,224,ST,23,NA,NA,NA,NA
1997-03-22,1997,3,22,Neotoma,albigula,N,F,A,177,NA,96,NA,NA,NA,NA
1997-03-22,1997,3,22,Neotoma,albigula,Y,NA,A,177,NA,86,NA,NA,NA,NA
1998-03-20,1998,3,20,Chaetodipus,baileyi,N,M,A,33,NA,11,NA,NA,NA,NA
1998-03-20,1998,3,20,Chaetodipus,baileyi,N,F,A,27,NA,12,NA,NA,NA,NA
1998-03-20,1998,3,20,Chaetodipus,baileyi,N,M,A,35,ST,14,NA,NA,NA,NA
1998-03-20,1998,3,20,Chaetodipus,baileyi,N,M,A,25.5,ST,24,NA,NA,NA,NA
1998-03-20,1998,3,20,Chaetodipus,baileyi,N,M,A,31,ST,70,NA,NA,NA,NA
1998-03-20,1998,3,20,Chaetodipus,baileyi,N,M,A,28,NA,95,NA,NA,NA,NA
1998-03-20,1998,3,20,Chaetodipus,baileyi,N,F,A,25,NA,106,NA,NA,NA,NA
1998-03-20,1998,3,20,Chaetodipus,baileyi,N,M,A,40.5,ST,123,NA,NA,NA,NA
1998-03-20,1998,3,20,Chaetodipus,penicillatus,N,M,A,15,NA,22,NA,NA,NA,NA
1998-03-20,1998,3,20,Chaetodipus,penicillatus,N,M,A,18,NA,74,NA,NA,NA,NA
1998-03-20,1998,3,20,Chaetodipus,penicillatus,N,M,A,23,NA,81,NA,NA,NA,NA
1998-03-20,1998,3,20,Chaetodipus,penicillatus,N,M,A,14.5,ST,103,NA,NA,NA,NA
1998-03-20,1998,3,20,Chaetodipus,penicillatus,N,F,A,21,NA,124,NA,NA,NA,NA
1998-03-20,1998,3,20,Chaetodipus,penicillatus,N,M,A,17,NA,131,NA,NA,NA,NA
1998-03-20,1998,3,20,Dipodomys,merriami,N,F,A,40,NA,30,NA,NA,NA,NA
1998-03-20,1998,3,20,Dipodomys,merriami,N,M,A,41,ST,33,NA,NA,NA,NA
1998-03-20,1998,3,20,Dipodomys,merriami,N,M,A,37,ST,34,NA,NA,NA,NA
1998-03-20,1998,3,20,Dipodomys,merriami,N,M,A,41,ST,41,NA,NA,NA,NA
1998-03-20,1998,3,20,Dipodomys,merriami,N,F,A,39,LACT,104,NA,NA,NA,NA
1998-03-20,1998,3,20,Dipodomys,merriami,N,M,A,42,ST,116,NA,NA,NA,NA
1998-03-20,1998,3,20,Dipodomys,merriami,N,F,A,38,NA,138,NA,NA,NA,NA
1998-03-20,1998,3,20,Neotoma,albigula,N,F,A,182,NA,99,NA,NA,NA,NA
1998-03-20,1998,3,20,Neotoma,albigula,N,F,A,191.5,NA,141,NA,NA,NA,NA
1998-03-21,1998,3,21,Chaetodipus,baileyi,N,M,A,32,ST,24,NA,NA,NA,NA
1998-03-21,1998,3,21,Chaetodipus,baileyi,N,M,A,32,NA,84,NA,NA,NA,NA
1998-03-21,1998,3,21,Chaetodipus,baileyi,Y,M,A,31,ST,9,NA,NA,NA,NA
1998-03-21,1998,3,21,Chaetodipus,baileyi,Y,F,A,27.5,NA,44,NA,NA,NA,NA
1998-03-21,1998,3,21,Chaetodipus,baileyi,Y,M,A,34,ST,74,NA,NA,NA,NA
1998-03-21,1998,3,21,Chaetodipus,baileyi,Y,M,A,27,NA,81,NA,NA,NA,NA
1998-03-21,1998,3,21,Chaetodipus,baileyi,Y,M,A,36,ST,124,NA,NA,NA,NA
1998-03-21,1998,3,21,Chaetodipus,penicillatus,N,F,A,22.5,NA,8,NA,NA,NA,NA
1998-03-21,1998,3,21,Chaetodipus,penicillatus,N,M,A,19,ST,33,NA,NA,NA,NA
1998-03-21,1998,3,21,Chaetodipus,penicillatus,N,M,A,15.5,ST,40,NA,NA,NA,NA
1998-03-21,1998,3,21,Chaetodipus,penicillatus,N,M,A,16.5,ST,45,NA,NA,NA,NA
1998-03-21,1998,3,21,Dipodomys,merriami,N,M,A,42,ST,56,NA,NA,NA,NA
1998-03-21,1998,3,21,Dipodomys,merriami,Y,M,A,43,ST,30,NA,NA,NA,NA
1998-03-21,1998,3,21,Dipodomys,merriami,Y,F,SA,32,NA,104,NA,NA,NA,NA
1998-03-21,1998,3,21,Dipodomys,merriami,Y,M,A,42,ST,130,NA,NA,NA,NA
1998-03-21,1998,3,21,Neotoma,albigula,N,F,A,150,NA,7,NA,NA,NA,NA
1998-03-21,1998,3,21,Neotoma,albigula,N,F,SA,131,NA,48,NA,NA,NA,NA
1998-03-21,1998,3,21,Neotoma,albigula,N,M,J,82,NA,92,NA,NA,NA,NA
1998-03-21,1998,3,21,Neotoma,albigula,Y,F,A,191,NA,141,NA,NA,NA,NA
1999-03-19,1999,3,19,Chaetodipus,baileyi,N,M,A,25,NA,14,NA,NA,NA,NA
1999-03-19,1999,3,19,Chaetodipus,baileyi,N,M,A,29,ST,21,NA,NA,NA,NA
1999-03-19,1999,3,19,Chaetodipus,baileyi,N,F,A,25,NA,22,NA,NA,NA,NA
1999-03-19,1999,3,19,Chaetodipus,baileyi,N,M,A,36,NA,30,NA,NA,NA,NA
1999-03-19,1999,3,19,Chaetodipus,baileyi,N,M,A,25,NA,49,NA,NA,NA,NA
1999-03-19,1999,3,19,Chaetodipus,baileyi,N,M,A,46,NA,54,NA,NA,NA,NA
1999-03-19,1999,3,19,Chaetodipus,baileyi,N,M,A,39,ST,57,NA,NA,NA,NA
1999-03-19,1999,3,19,Chaetodipus,baileyi,N,F,A,27,NA,66,NA,NA,NA,NA
1999-03-19,1999,3,19,Chaetodipus,baileyi,N,M,A,28,ST,68,NA,NA,NA,NA
1999-03-19,1999,3,19,Chaetodipus,baileyi,N,F,A,26,NA,77,NA,NA,NA,NA
1999-03-19,1999,3,19,Chaetodipus,baileyi,N,M,A,34,ST,81,NA,NA,NA,NA
1999-03-19,1999,3,19,Chaetodipus,baileyi,N,M,A,40,ST,96,NA,NA,NA,NA
1999-03-19,1999,3,19,Chaetodipus,baileyi,N,F,A,25,NA,104,NA,NA,NA,NA
1999-03-19,1999,3,19,Chaetodipus,baileyi,N,M,A,37,ST,105,NA,NA,NA,NA
1999-03-19,1999,3,19,Chaetodipus,baileyi,N,F,A,24,NA,109,NA,NA,NA,NA
1999-03-19,1999,3,19,Chaetodipus,baileyi,N,F,A,24,NA,112,NA,NA,NA,NA
1999-03-19,1999,3,19,Chaetodipus,baileyi,N,F,A,34,NA,123,NA,NA,NA,NA
1999-03-19,1999,3,19,Chaetodipus,baileyi,N,F,A,29,NA,128,NA,NA,NA,NA
1999-03-19,1999,3,19,Chaetodipus,penicillatus,N,M,A,15,NA,58,NA,NA,NA,NA
1999-03-19,1999,3,19,Chaetodipus,penicillatus,N,F,A,22,NA,85,NA,NA,NA,NA
1999-03-19,1999,3,19,Chaetodipus,penicillatus,N,M,A,22,NA,90,NA,NA,NA,NA
1999-03-19,1999,3,19,Chaetodipus,penicillatus,N,M,A,22,NA,106,NA,NA,NA,NA
1999-03-19,1999,3,19,Chaetodipus,penicillatus,N,F,A,23,NA,115,NA,NA,NA,NA
1999-03-19,1999,3,19,Chaetodipus,penicillatus,N,M,A,15,NA,136,NA,NA,NA,NA
1999-03-19,1999,3,19,Dipodomys,merriami,N,M,A,39,ST,13,NA,NA,NA,NA
1999-03-19,1999,3,19,Dipodomys,merriami,N,F,A,40,NA,18,NA,NA,NA,NA
1999-03-19,1999,3,19,Dipodomys,merriami,N,F,A,50,PREG,19,NA,NA,NA,NA
1999-03-19,1999,3,19,Dipodomys,merriami,N,M,SA,32,NA,55,NA,NA,NA,NA
1999-03-19,1999,3,19,Dipodomys,merriami,N,M,J,29,NA,89,NA,NA,NA,NA
1999-03-19,1999,3,19,Dipodomys,merriami,N,F,A,38,NA,102,NA,NA,NA,NA
1999-03-19,1999,3,19,Dipodomys,merriami,N,F,A,43,PREG,113,NA,NA,NA,NA
1999-03-19,1999,3,19,Dipodomys,merriami,N,M,A,39,ST,114,NA,NA,NA,NA
1999-03-19,1999,3,19,Dipodomys,merriami,N,F,A,39,NA,119,NA,NA,NA,NA
1999-03-19,1999,3,19,Dipodomys,merriami,N,M,A,44,NA,131,NA,NA,NA,NA
1999-03-19,1999,3,19,Dipodomys,merriami,N,M,A,39,ST,137,NA,NA,NA,NA
1999-03-19,1999,3,19,Dipodomys,merriami,N,F,A,47,PREG,138,NA,NA,NA,NA
1999-03-19,1999,3,19,Dipodomys,merriami,N,M,A,46,ST,139,NA,NA,NA,NA
1999-03-19,1999,3,19,Dipodomys,merriami,N,M,A,39,ST,144,NA,NA,NA,NA
1999-03-19,1999,3,19,Neotoma,albigula,N,F,SA,100,NA,65,NA,NA,NA,NA
1999-03-19,1999,3,19,Neotoma,albigula,N,F,A,178,NA,78,NA,NA,NA,NA
1999-03-20,1999,3,20,Chaetodipus,baileyi,N,M,A,29,NA,19,NA,NA,NA,NA
1999-03-20,1999,3,20,Chaetodipus,baileyi,N,F,A,28,NA,24,NA,NA,NA,NA
1999-03-20,1999,3,20,Chaetodipus,baileyi,N,M,A,37.5,NA,30,NA,NA,NA,NA
1999-03-20,1999,3,20,Chaetodipus,baileyi,N,M,A,37,ST,32,NA,NA,NA,NA
1999-03-20,1999,3,20,Chaetodipus,baileyi,N,F,A,26,NA,45,NA,NA,NA,NA
1999-03-20,1999,3,20,Chaetodipus,baileyi,N,F,A,24,NA,48,NA,NA,NA,NA
1999-03-20,1999,3,20,Chaetodipus,baileyi,N,M,A,28,NA,56,NA,NA,NA,NA
1999-03-20,1999,3,20,Chaetodipus,baileyi,N,M,A,40,ST,68,NA,NA,NA,NA
1999-03-20,1999,3,20,Chaetodipus,baileyi,N,M,A,27,ST,89,NA,NA,NA,NA
1999-03-20,1999,3,20,Chaetodipus,baileyi,N,M,A,33,ST,90,NA,NA,NA,NA
1999-03-20,1999,3,20,Chaetodipus,baileyi,N,M,A,31,NA,106,NA,NA,NA,NA
1999-03-20,1999,3,20,Chaetodipus,baileyi,N,M,A,28,ST,119,NA,NA,NA,NA
1999-03-20,1999,3,20,Chaetodipus,baileyi,N,M,A,32,NA,139,NA,NA,NA,NA
1999-03-20,1999,3,20,Chaetodipus,baileyi,Y,M,A,24,NA,27,NA,NA,NA,NA
1999-03-20,1999,3,20,Chaetodipus,baileyi,Y,M,A,27,ST,66,NA,NA,NA,NA
1999-03-20,1999,3,20,Chaetodipus,baileyi,Y,F,A,26,NA,77,NA,NA,NA,NA
1999-03-20,1999,3,20,Chaetodipus,baileyi,Y,M,A,33.5,ST,84,NA,NA,NA,NA
1999-03-20,1999,3,20,Chaetodipus,baileyi,Y,F,A,27,NA,99,NA,NA,NA,NA
1999-03-20,1999,3,20,Chaetodipus,baileyi,Y,F,A,24,NA,101,NA,NA,NA,NA
1999-03-20,1999,3,20,Chaetodipus,baileyi,Y,F,A,30,NA,122,NA,NA,NA,NA
1999-03-20,1999,3,20,Chaetodipus,baileyi,Y,F,A,27,NA,128,NA,NA,NA,NA
1999-03-20,1999,3,20,Chaetodipus,baileyi,Y,M,A,24,NA,NA,Trap # not recorded.,NA,NA,NA
1999-03-20,1999,3,20,Chaetodipus,penicillatus,N,F,A,23,NA,5,NA,NA,NA,NA
1999-03-20,1999,3,20,Chaetodipus,penicillatus,N,M,A,20,NA,18,NA,NA,NA,NA
1999-03-20,1999,3,20,Chaetodipus,penicillatus,N,M,A,16,NA,31,NA,NA,NA,NA
1999-03-20,1999,3,20,Chaetodipus,penicillatus,N,M,A,17,ST,39,NA,NA,NA,NA
1999-03-20,1999,3,20,Chaetodipus,penicillatus,N,F,A,14,NA,113,NA,NA,NA,NA
1999-03-20,1999,3,20,Chaetodipus,penicillatus,N,F,A,20,NA,115,NA,NA,NA,NA
1999-03-20,1999,3,20,Chaetodipus,penicillatus,N,M,A,22,NA,117,NA,NA,NA,NA
1999-03-20,1999,3,20,Chaetodipus,penicillatus,N,F,A,21,NA,136,NA,NA,NA,NA
1999-03-20,1999,3,20,Chaetodipus,penicillatus,N,F,A,20,NA,140,NA,NA,NA,NA
1999-03-20,1999,3,20,Chaetodipus,penicillatus,Y,F,A,21,NA,74,NA,NA,NA,NA
1999-03-20,1999,3,20,Chaetodipus,penicillatus,Y,F,A,22,NA,109,NA,NA,NA,NA
1999-03-20,1999,3,20,Dipodomys,merriami,N,M,A,39,ST,20,NA,NA,NA,NA
1999-03-20,1999,3,20,Dipodomys,merriami,N,M,A,48,ST,33,NA,NA,NA,NA
1999-03-20,1999,3,20,Dipodomys,merriami,N,M,A,42,NA,115,NA,NA,NA,NA
1999-03-20,1999,3,20,Dipodomys,merriami,Y,M,A,38,ST,102,NA,NA,NA,NA
1999-03-20,1999,3,20,Dipodomys,merriami,Y,F,A,48,PREG,137,NA,NA,NA,NA
1999-03-20,1999,3,20,Perognathus,amplus,N,M,A,11,NA,125,NA,NA,NA,NA
2000-03-17,2000,3,17,Chaetodipus,baileyi,N,M,A,23,ST,17,NA,NA,NA,NA
2000-03-17,2000,3,17,Chaetodipus,baileyi,N,M,A,29,NA,68,NA,NA,NA,NA
2000-03-17,2000,3,17,Chaetodipus,baileyi,N,M,A,25.5,NA,99,NA,NA,NA,NA
2000-03-17,2000,3,17,Chaetodipus,penicillatus,N,F,A,20,NA,28,NA,NA,NA,NA
2000-03-17,2000,3,17,Chaetodipus,penicillatus,N,F,A,22,NA,83,NA,NA,NA,NA
2000-03-17,2000,3,17,Dipodomys,merriami,N,M,A,45,NA,13,NA,NA,NA,NA
2000-03-17,2000,3,17,Dipodomys,merriami,N,F,A,38,NA,25,NA,NA,NA,NA
2000-03-17,2000,3,17,Dipodomys,merriami,N,M,A,41,ST,27,NA,NA,NA,NA
2000-03-17,2000,3,17,Dipodomys,merriami,N,M,A,43,ST,32,NA,NA,NA,NA
2000-03-17,2000,3,17,Dipodomys,merriami,N,M,A,41,ST,55,NA,NA,NA,NA
2000-03-17,2000,3,17,Dipodomys,merriami,N,M,A,48,ST,56,NA,NA,NA,NA
2000-03-17,2000,3,17,Dipodomys,merriami,N,M,A,35,ST,112,NA,NA,NA,NA
2000-03-17,2000,3,17,Dipodomys,merriami,N,M,A,41,ST,116,NA,NA,NA,NA
2000-03-17,2000,3,17,Dipodomys,merriami,N,M,A,45.5,ST,120,NA,NA,NA,NA
2000-03-17,2000,3,17,Dipodomys,merriami,N,M,A,46,ST,132,NA,NA,NA,NA
2000-03-17,2000,3,17,Dipodomys,merriami,N,M,A,44,ST,144,NA,NA,NA,NA
2000-03-17,2000,3,17,Neotoma,albigula,N,F,A,179,NA,19,NA,NA,NA,NA
2000-03-18,2000,3,18,Chaetodipus,baileyi,N,F,A,23,NA,67,NA,NA,NA,NA
2000-03-18,2000,3,18,Chaetodipus,baileyi,N,M,A,35.5,NA,88,NA,NA,NA,NA
2000-03-18,2000,3,18,Chaetodipus,baileyi,Y,M,A,25.5,NA,101,NA,NA,NA,NA
2000-03-18,2000,3,18,Chaetodipus,penicillatus,N,F,A,19.5,NA,9,NA,NA,NA,NA
2000-03-18,2000,3,18,Chaetodipus,penicillatus,N,M,A,23,NA,115,NA,NA,NA,NA
2000-03-18,2000,3,18,Chaetodipus,penicillatus,N,F,A,23,NA,140,NA,NA,NA,NA
2000-03-18,2000,3,18,Chaetodipus,penicillatus,Y,F,A,21.5,NA,2,NA,NA,NA,NA
2000-03-18,2000,3,18,Dipodomys,merriami,N,F,A,43,NA,131,NA,NA,NA,NA
2000-03-18,2000,3,18,Dipodomys,merriami,Y,F,A,41,NA,13,NA,NA,NA,NA
2000-03-18,2000,3,18,Dipodomys,merriami,Y,M,A,43.5,ST,116,NA,NA,NA,NA
2001-03-16,2001,3,16,Chaetodipus,baileyi,N,F,A,29,NA,23,NA,NA,NA,NA
2001-03-16,2001,3,16,Chaetodipus,baileyi,N,F,A,27,NA,45,NA,NA,NA,NA
2001-03-16,2001,3,16,Chaetodipus,baileyi,N,M,A,32,ST,57,NA,NA,NA,NA
2001-03-16,2001,3,16,Chaetodipus,baileyi,N,F,A,30,NA,71,NA,NA,NA,NA
2001-03-16,2001,3,16,Chaetodipus,penicillatus,N,M,A,15,NA,52,NA,NA,NA,NA
2001-03-16,2001,3,16,Dipodomys,merriami,N,M,A,46,ST,29,NA,NA,NA,NA
2001-03-16,2001,3,16,Dipodomys,merriami,N,F,J,26,NA,65,NA,NA,NA,NA
2001-03-16,2001,3,16,Dipodomys,merriami,N,F,A,37,LACT,102,NA,NA,NA,NA
2001-03-16,2001,3,16,Dipodomys,merriami,N,F,A,39,NA,130,NA,NA,NA,NA
2001-03-17,2001,3,17,Chaetodipus,baileyi,N,F,A,27,NA,13,NA,NA,NA,NA
2001-03-17,2001,3,17,Chaetodipus,baileyi,N,M,A,28,ST,33,NA,NA,NA,NA
2001-03-17,2001,3,17,Chaetodipus,baileyi,N,F,A,28,NA,144,NA,NA,NA,NA
2001-03-17,2001,3,17,Dipodomys,merriami,N,F,A,39,NA,7,NA,NA,NA,NA
2001-03-17,2001,3,17,Dipodomys,merriami,N,F,A,39,LACT,20,NA,NA,NA,NA
2001-03-17,2001,3,17,Dipodomys,merriami,N,F,SA,31,NA,41,NA,NA,NA,NA
2001-03-17,2001,3,17,Dipodomys,merriami,N,F,A,43,NA,142,NA,NA,NA,NA
2002-03-15,2002,3,15,Chaetodipus,baileyi,N,M,A,42,ST,41,NA,NA,NA,NA
2002-03-15,2002,3,15,Chaetodipus,baileyi,N,M,A,24,ST,43,NA,NA,NA,NA
2002-03-15,2002,3,15,Chaetodipus,baileyi,N,M,A,42,ST,56,NA,NA,NA,NA
2002-03-15,2002,3,15,Chaetodipus,baileyi,N,M,A,30,ST,82,NA,NA,NA,NA
2002-03-15,2002,3,15,Chaetodipus,baileyi,N,M,A,36,ST,108,NA,NA,NA,NA
2002-03-15,2002,3,15,Dipodomys,merriami,N,M,A,37,NA,20,NA,NA,NA,NA
2002-03-15,2002,3,15,Dipodomys,merriami,N,M,A,35,NA,31,NA,NA,NA,NA
2002-03-15,2002,3,15,Dipodomys,merriami,N,M,SA,34,NA,53,NA,NA,NA,NA
2002-03-15,2002,3,15,Dipodomys,merriami,N,M,A,37,ST,92,NA,NA,NA,NA
2002-03-15,2002,3,15,Dipodomys,merriami,N,M,SA,30,NA,117,NA,NA,NA,NA
2002-03-15,2002,3,15,Dipodomys,merriami,N,M,A,42,NA,131,NA,NA,NA,NA
2002-03-15,2002,3,15,Dipodomys,merriami,N,M,A,43,NA,137,NA,NA,NA,NA
2002-03-16,2002,3,16,Chaetodipus,baileyi,N,M,A,42,ST,31,NA,NA,NA,NA
2002-03-16,2002,3,16,Chaetodipus,baileyi,N,M,A,37,ST,43,NA,NA,NA,NA
2002-03-16,2002,3,16,Chaetodipus,baileyi,N,M,A,35,NA,82,NA,NA,NA,NA
2002-03-16,2002,3,16,Dipodomys,merriami,N,F,A,36,NA,46,NA,NA,NA,NA
2002-03-16,2002,3,16,Dipodomys,merriami,N,M,A,35,ST,106,NA,NA,NA,NA
2002-03-16,2002,3,16,Dipodomys,merriami,Y,M,A,36,NA,20,NA,NA,NA,NA
2002-03-16,2002,3,16,Dipodomys,merriami,Y,M,A,36,ST,93,NA,NA,NA,NA
2003-03-19,2003,3,19,Chaetodipus,baileyi,N,M,A,37,NA,2,NA,NA,NA,NA
2003-03-19,2003,3,19,Chaetodipus,baileyi,N,M,A,35,NA,7,NA,NA,NA,NA
2003-03-19,2003,3,19,Chaetodipus,baileyi,N,M,A,29,NA,34,NA,NA,NA,NA
2003-03-19,2003,3,19,Chaetodipus,baileyi,N,M,A,24,ST,46,NA,NA,NA,NA
2003-03-19,2003,3,19,Chaetodipus,baileyi,N,M,A,25,ST,80,NA,NA,NA,NA
2003-03-19,2003,3,19,Chaetodipus,baileyi,N,M,A,27,ST,81,NA,NA,NA,NA
2003-03-19,2003,3,19,Chaetodipus,baileyi,N,M,A,33,NA,92,NA,NA,NA,NA
2003-03-19,2003,3,19,Chaetodipus,baileyi,N,M,A,30,ST,97,NA,NA,NA,NA
2003-03-19,2003,3,19,Chaetodipus,baileyi,N,M,A,29,NA,105,NA,NA,NA,NA
2003-03-19,2003,3,19,Chaetodipus,baileyi,N,M,A,24,ST,108,NA,NA,NA,NA
2003-03-19,2003,3,19,Chaetodipus,baileyi,N,M,A,27,NA,118,NA,NA,NA,NA
2003-03-19,2003,3,19,Chaetodipus,baileyi,N,M,A,33,NA,131,NA,NA,NA,NA
2003-03-19,2003,3,19,Chaetodipus,baileyi,N,M,A,25,NA,144,NA,NA,NA,NA
2003-03-19,2003,3,19,Chaetodipus,penicillatus,N,M,A,21,NA,14,NA,NA,NA,NA
2003-03-19,2003,3,19,Chaetodipus,penicillatus,N,M,A,21,NA,28,NA,NA,NA,NA
2003-03-19,2003,3,19,Chaetodipus,penicillatus,N,M,A,22,NA,33,NA,NA,NA,NA
2003-03-19,2003,3,19,Chaetodipus,penicillatus,N,M,A,20,NA,47,NA,NA,NA,NA
2003-03-19,2003,3,19,Chaetodipus,penicillatus,N,M,A,23,NA,59,NA,NA,NA,NA
2003-03-19,2003,3,19,Chaetodipus,penicillatus,N,F,A,19,NA,66,NA,NA,NA,NA
2003-03-19,2003,3,19,Chaetodipus,penicillatus,N,M,A,23,NA,125,NA,NA,NA,NA
2003-03-19,2003,3,19,Chaetodipus,penicillatus,N,M,A,21,NA,136,NA,NA,NA,NA
2003-03-19,2003,3,19,Chaetodipus,penicillatus,N,M,A,23,NA,139,NA,NA,NA,NA
2003-03-19,2003,3,19,Dipodomys,merriami,N,M,A,48,NA,31,NA,NA,NA,NA
2003-03-19,2003,3,19,Dipodomys,merriami,N,M,A,35,ST,77,NA,NA,NA,NA
2003-03-19,2003,3,19,Dipodomys,merriami,N,F,A,37,NA,106,NA,NA,NA,NA
2003-03-19,2003,3,19,Dipodomys,merriami,N,M,A,38,ST,116,NA,NA,NA,NA
2003-03-19,2003,3,19,Dipodomys,merriami,N,F,A,42,NA,137,NA,NA,NA,NA
2003-03-19,2003,3,19,Dipodomys,merriami,N,M,A,45,ST,138,NA,NA,NA,NA
2003-03-20,2003,3,20,Chaetodipus,baileyi,N,M,A,38,NA,58,NA,NA,NA,NA
2003-03-20,2003,3,20,Chaetodipus,baileyi,N,M,A,24,ST,95,NA,NA,NA,NA
2003-03-20,2003,3,20,Chaetodipus,baileyi,N,M,A,36,ST,96,NA,NA,NA,NA
2003-03-20,2003,3,20,Chaetodipus,baileyi,N,F,A,25,NA,131,NA,NA,NA,NA
2003-03-20,2003,3,20,Chaetodipus,baileyi,Y,M,A,NA,ST,141,NA,NA,NA,NA
2003-03-20,2003,3,20,Chaetodipus,penicillatus,N,M,A,23,NA,12,NA,NA,NA,NA
2003-03-20,2003,3,20,Chaetodipus,penicillatus,N,M,A,18,NA,20,NA,NA,NA,NA
2003-03-20,2003,3,20,Chaetodipus,penicillatus,N,M,A,20,NA,72,NA,NA,NA,NA
2003-03-20,2003,3,20,Chaetodipus,penicillatus,N,M,A,22,NA,93,NA,NA,NA,NA
2003-03-20,2003,3,20,Chaetodipus,penicillatus,Y,M,A,NA,NA,27,NA,NA,NA,NA
2003-03-20,2003,3,20,Chaetodipus,penicillatus,Y,M,A,NA,NA,47,NA,NA,NA,NA
2003-03-20,2003,3,20,Chaetodipus,penicillatus,Y,M,A,NA,NA,145,NA,NA,NA,NA
2003-03-20,2003,3,20,Dipodomys,merriami,N,M,J,21,NA,29,NA,NA,NA,NA
2003-03-20,2003,3,20,Dipodomys,merriami,N,M,J,20,NA,32,NA,NA,NA,NA
2003-03-20,2003,3,20,Dipodomys,merriami,N,M,J,22,NA,48,NA,NA,NA,NA
2003-03-20,2003,3,20,Dipodomys,merriami,N,F,J,27,NA,84,NA,NA,NA,NA
2003-03-20,2003,3,20,Dipodomys,merriami,N,F,A,45,PREG,91,NA,NA,NA,NA
2003-03-20,2003,3,20,Dipodomys,merriami,Y,M,A,NA,ST,115,NA,NA,NA,NA
2004-04-22,2004,4,22,Chaetodipus,baileyi,N,f,a,NA,pl,H100,NA,26,NA,NA
2004-04-22,2004,4,22,Chaetodipus,baileyi,N,m,a,NA,td,G80,NA,26,NA,NA
2004-04-22,2004,4,22,Chaetodipus,baileyi,N,m,a,NA,td,L60,NA,26,NA,NA
2004-04-22,2004,4,22,Chaetodipus,baileyi,N,m,j,NA,NA,L30,NA,27,NA,NA
2004-04-22,2004,4,22,Chaetodipus,baileyi,N,m,a,NA,NA,k50,NA,27,NA,NA
2004-04-22,2004,4,22,Chaetodipus,baileyi,N,f,a,NA,pl,K30,NA,26,NA,NA
2004-04-22,2004,4,22,Chaetodipus,baileyi,N,f,a,NA,pl,K90,NA,27,NA,NA
2004-04-22,2004,4,22,Chaetodipus,baileyi,N,f,j,NA,NA,K70,NA,26,NA,NA
2004-04-22,2004,4,22,Chaetodipus,baileyi,N,m,j,NA,NA,K40,NA,26,NA,NA
2004-04-22,2004,4,22,Chaetodipus,baileyi,N,f,a,NA,pre,D20,NA,26,NA,NA
2004-04-22,2004,4,22,Chaetodipus,baileyi,N,m,a,NA,td,J40,NA,26,NA,NA
2004-04-22,2004,4,22,Chaetodipus,baileyi,N,f,a,NA,pl,I50,NA,26,NA,NA
2004-04-22,2004,4,22,Chaetodipus,baileyi,N,m,a,NA,td,I80,NA,27,NA,NA
2004-04-22,2004,4,22,Chaetodipus,baileyi,N,m,a,NA,td,C100,NA,26,NA,NA
2004-04-22,2004,4,22,Chaetodipus,baileyi,N,f,a,NA,pre,E60,NA,26,NA,NA
2004-04-22,2004,4,22,Chaetodipus,baileyi,N,m,a,NA,td,E100,NA,25,NA,NA
2004-04-22,2004,4,22,Chaetodipus,baileyi,N,f,a,NA,pl,E90,NA,25,NA,NA
2004-04-22,2004,4,22,Chaetodipus,baileyi,N,f,a,NA,pl,E50,NA,26,NA,NA
2004-04-22,2004,4,22,Chaetodipus,baileyi,N,f,a,NA,pl,A70,NA,27,NA,NA
2004-04-22,2004,4,22,Chaetodipus,baileyi,N,f,a,NA,NA,A100,NA,NA,NA,NA
2004-04-22,2004,4,22,Chaetodipus,baileyi,N,m,a,NA,td,A30,NA,26,NA,NA
2004-04-22,2004,4,22,Chaetodipus,baileyi,N,m,a,NA,td,A20,NA,25,NA,NA
2004-04-22,2004,4,22,Chaetodipus,baileyi,N,m,a,NA,td,A90,NA,26,NA,NA
2004-04-22,2004,4,22,Chaetodipus,baileyi,N,m,a,NA,td,B100,NA,27,NA,NA
2004-04-22,2004,4,22,Chaetodipus,baileyi,N,m,a,NA,td,B20,NA,26,NA,NA
2004-04-22,2004,4,22,Chaetodipus,baileyi,N,f,a,NA,pl,B70,NA,28,NA,NA
2004-04-22,2004,4,22,Chaetodipus,baileyi,N,f,a,NA,pre,B80,NA,25,NA,NA
2004-04-22,2004,4,22,Chaetodipus,baileyi,N,f,a,NA,pl,B50,NA,28,NA,NA
2004-04-22,2004,4,22,Chaetodipus,baileyi,N,NA,NA,NA,NA,K15,caught pm,NA,NA,NA
2004-04-22,2004,4,22,Chaetodipus,baileyi,N,NA,NA,NA,NA,B15,caught pm,NA,NA,NA
2004-04-22,2004,4,22,Chaetodipus,penicillatus,N,m,a,NA,NA,H80,no mass/repro recorded,21,73,48
2004-04-22,2004,4,22,Chaetodipus,penicillatus,N,m,a,NA,td,H40,NA,19,NA,NA
2004-04-22,2004,4,22,Chaetodipus,penicillatus,N,m,a,NA,td,G90,NA,22,NA,NA
2004-04-22,2004,4,22,Chaetodipus,penicillatus,N,m,a,NA,td,H50,NA,21,NA,NA
2004-04-22,2004,4,22,Chaetodipus,penicillatus,N,m,a,NA,td,G20,NA,20,NA,NA
2004-04-22,2004,4,22,Chaetodipus,penicillatus,N,f,a,NA,pl,L50,NA,NA,NA,NA
2004-04-22,2004,4,22,Chaetodipus,penicillatus,N,f,a,NA,NA,L80,enlarged nipples,21,NA,NA
2004-04-22,2004,4,22,Chaetodipus,penicillatus,N,m,a,NA,td,K100,NA,21,NA,NA
2004-04-22,2004,4,22,Chaetodipus,penicillatus,N,f,a,NA,pl,D100,"big, robust, questionable",22,NA,NA
2004-04-22,2004,4,22,Chaetodipus,penicillatus,N,f,a,NA,NA,I5,NA,NA,NA,NA
2004-04-22,2004,4,22,Chaetodipus,penicillatus,N,f,a,NA,NA,C40,broken tail,NA,NA,NA
2004-04-22,2004,4,22,Chaetodipus,penicillatus,N,m,a,NA,td,C10,NA,20,NA,NA
2004-04-22,2004,4,22,Chaetodipus,penicillatus,N,m,a,NA,td,E40,NA,22,NA,NA
2004-04-22,2004,4,22,Chaetodipus,penicillatus,N,f,a,NA,pre,E50,enlarged nipples,20,79,90
2004-04-22,2004,4,22,Chaetodipus,penicillatus,N,m,a,NA,td,A60,NA,20,NA,NA
2004-04-22,2004,4,22,Chaetodipus,penicillatus,N,m,a,NA,td,B50,NA,22,NA,NA
2004-04-22,2004,4,22,Chaetodipus,penicillatus,N,f,a,NA,pl,B40,broken. . .,20,NA,NA
2004-04-22,2004,4,22,Dipodomys,merriami,N,m,a,NA,TD,H30,no mass recorded,NA,NA,NA
2004-04-22,2004,4,22,Dipodomys,merriami,N,f,a,NA,NA,H70,NA,NA,NA,NA
2004-04-22,2004,4,22,Dipodomys,merriami,N,m,a,NA,td,G40,NA,NA,NA,NA
2004-04-22,2004,4,22,Dipodomys,merriami,N,m,a,NA,td,G60,NA,NA,NA,NA
2004-04-22,2004,4,22,Dipodomys,merriami,N,f,a,NA,pl,G30,NA,NA,NA,NA
2004-04-22,2004,4,22,Dipodomys,merriami,N,f,j,NA,NA,D40,NA,NA,NA,NA
2004-04-22,2004,4,22,Dipodomys,merriami,N,f,a,NA,NA,J80,NA,NA,NA,NA
2004-04-22,2004,4,22,Dipodomys,merriami,N,f,j,NA,NA,J30,NA,NA,NA,NA
2004-04-22,2004,4,22,Dipodomys,merriami,N,f,a,NA,pl,I40,NA,NA,NA,NA
2004-04-22,2004,4,22,Dipodomys,merriami,N,f,a,NA,pl,C60,NA,NA,NA,NA
2004-04-22,2004,4,22,Dipodomys,merriami,N,m,a,NA,td,C70,NA,NA,NA,NA
2004-04-22,2004,4,22,Dipodomys,merriami,N,m,a,NA,td,C30,NA,NA,NA,NA
2004-04-22,2004,4,22,Dipodomys,merriami,N,f,a,NA,pre,A50,NA,NA,NA,NA
2004-04-22,2004,4,22,Dipodomys,merriami,N,f,a,NA,pl,F50,NA,NA,NA,NA
2004-04-22,2004,4,22,Dipodomys,merriami,N,f,j,NA,NA,F30,NA,NA,NA,NA
2004-04-22,2004,4,22,Dipodomys,merriami,N,NA,j,NA,NA,F40,NA,20,NA,NA
2004-04-22,2004,4,22,Dipodomys,merriami,N,m,a,NA,td,F70,NA,NA,NA,NA
2004-04-22,2004,4,22,Dipodomys,merriami,N,f,a,NA,pl,F80,NA,NA,NA,NA
2004-04-22,2004,4,22,Neotoma,albigula,N,f,a,NA,lac,H90,NA,NA,NA,NA
2004-04-22,2004,4,22,Neotoma,albigula,N,m,j,NA,NA,H20,NA,NA,NA,NA
2004-04-22,2004,4,22,Neotoma,albigula,N,f,a,NA,lac,D50,NA,NA,NA,NA
2004-04-22,2004,4,22,Neotoma,albigula,N,NA,NA,NA,NA,I60,tail only,NA,NA,NA
2004-04-22,2004,4,22,Neotoma,albigula,N,f,a,NA,pl,A80,NA,NA,NA,NA
2004-04-22,2004,4,22,Perognathus,amplus,N,m,a,NA,NA,E30,silky hair,19,70,75
2004-04-22,2004,4,22,Perognathus,amplus,N,f,a,NA,pl,B60,red color,19,65,71
2004-04-23,2004,4,23,Chaetodipus,baileyi,N,m,a,32,td,I50,NA,NA,NA,NA
2004-04-23,2004,4,23,Chaetodipus,baileyi,N,f,a,27,Lac,H20,NA,25,NA,NA
2004-04-23,2004,4,23,Chaetodipus,baileyi,N,m,a,22,nr,H40,NA,26,NA,NA
2004-04-23,2004,4,23,Chaetodipus,baileyi,N,m,a,29,td,C30,NA,NA,NA,NA
2004-04-23,2004,4,23,Chaetodipus,baileyi,N,f,a,2.9,la,B100,NA,27,NA,NA
2004-04-23,2004,4,23,Chaetodipus,baileyi,N,f,s,33,pl,L60,NA,NA,NA,NA
2004-04-23,2004,4,23,Chaetodipus,baileyi,N,f,a,28,pl,L100,NA,NA,NA,NA
2004-04-23,2004,4,23,Chaetodipus,baileyi,N,m,a,40,td,L90,NA,NA,NA,NA
2004-04-23,2004,4,23,Chaetodipus,baileyi,N,f,a,38,pl,A90,NA,26,NA,NA
2004-04-23,2004,4,23,Chaetodipus,baileyi,N,f,a,NA,pr,L40,no mass recorded,NA,NA,NA
2004-04-23,2004,4,23,Chaetodipus,baileyi,N,f,a,23,pl,E90,NA,NA,NA,NA
2004-04-23,2004,4,23,Chaetodipus,baileyi,N,m,a,27,td,J20,NA,NA,NA,NA
2004-04-23,2004,4,23,Chaetodipus,baileyi,N,f,a,NA,nr,J70,no mass recorded,NA,NA,NA
2004-04-23,2004,4,23,Chaetodipus,baileyi,N,m,a,NA,td,J30,no mass recorded,NA,NA,NA
2004-04-23,2004,4,23,Chaetodipus,baileyi,N,m,j,NA,nr,K30,no mass recorded,NA,NA,NA
2004-04-23,2004,4,23,Chaetodipus,baileyi,N,f,a,NA,pl,K40,no mass recorded,NA,NA,NA
2004-04-23,2004,4,23,Chaetodipus,baileyi,Y,m,a,31,td,I90,NA,NA,NA,NA
2004-04-23,2004,4,23,Chaetodipus,baileyi,Y,f,a,19,nr,L30,NA,NA,NA,NA
2004-04-23,2004,4,23,Chaetodipus,baileyi,Y,f,a,28,pl,B80,NA,NA,NA,NA
2004-04-23,2004,4,23,Chaetodipus,baileyi,Y,m,a,23,td,A20,NA,NA,NA,NA
2004-04-23,2004,4,23,Chaetodipus,baileyi,Y,f,a,NA,pl,F5,no mass recorded,NA,NA,NA
2004-04-23,2004,4,23,Chaetodipus,baileyi,Y,f,a,NA,pl,K90,no mass recorded,NA,NA,NA
2004-04-23,2004,4,23,Chaetodipus,penicillatus,N,m,a,17,td,G90,NA,NA,NA,NA
2004-04-23,2004,4,23,Chaetodipus,penicillatus,N,f,a,16,nr,A30,NA,21,NA,NA
2004-04-23,2004,4,23,Chaetodipus,penicillatus,N,m,a,20,td,L70,NA,NA,NA,NA
2004-04-23,2004,4,23,Chaetodipus,penicillatus,N,m,a,21,td,L80,NA,NA,NA,NA
2004-04-23,2004,4,23,Chaetodipus,penicillatus,N,m,a,12,td,A10,NA,21,NA,NA
2004-04-23,2004,4,23,Chaetodipus,penicillatus,N,m,a,NA,td,F80,no mass recorded,NA,NA,NA
2004-04-23,2004,4,23,Chaetodipus,penicillatus,N,m,a,15,td,A100,NA,21,NA,NA
2004-04-23,2004,4,23,Chaetodipus,penicillatus,N,m,a,NA,td,F70,no mass recorded,NA,NA,NA
2004-04-23,2004,4,23,Chaetodipus,penicillatus,N,f,a,NA,nr,F50,no mass recorded,NA,NA,NA
2004-04-23,2004,4,23,Chaetodipus,penicillatus,N,m,a,NA,td,J100,no mass recorded,NA,NA,NA
2004-04-23,2004,4,23,Chaetodipus,penicillatus,N,f,m,NA,nr,K50,"yes, that's what it said under sex and age, no mass recorded",NA,NA,NA
2004-04-23,2004,4,23,Chaetodipus,penicillatus,N,f,a,NA,nr,K15,no mass recorded,NA,NA,NA
2004-04-23,2004,4,23,Chaetodipus,penicillatus,Y,f,NA,NA,NA,C40,"age, mass, repro status not recorded",NA,NA,NA
2004-04-23,2004,4,23,Chaetodipus,penicillatus,Y,m,a,17,TD,I5,broken tail,NA,NA,NA
2004-04-23,2004,4,23,Chaetodipus,penicillatus,Y,f,NA,17,NR,H80,"broken tail, no age recorded",NA,NA,NA
2004-04-23,2004,4,23,Chaetodipus,penicillatus,Y,m,a,18,td,G80,NA,NA,NA,NA
2004-04-23,2004,4,23,Chaetodipus,penicillatus,Y,m,a,17,td,G20,NA,NA,NA,NA
2004-04-23,2004,4,23,Chaetodipus,penicillatus,Y,f,a,13,nr,B20,very broken tail,NA,NA,NA
2004-04-23,2004,4,23,Chaetodipus,penicillatus,Y,f,a,16,nr,L50,NA,NA,NA,NA
2004-04-23,2004,4,23,Chaetodipus,penicillatus,Y,m,a,20,td,A70,NA,NA,NA,NA
2004-04-23,2004,4,23,Chaetodipus,penicillatus,Y,m,a,19,td,E50,NA,NA,NA,NA
2004-04-23,2004,4,23,Chaetodipus,penicillatus,Y,m,a,17,td,E40,NA,NA,NA,NA
2004-04-23,2004,4,23,Chaetodipus,penicillatus,Y,m,a,NA,td,K100,no mass recorded,NA,NA,NA
2004-04-23,2004,4,23,Dipodomys,merriami,N,m,a,NA,td,D90,mass not recorded,NA,NA,NA
2004-04-23,2004,4,23,Dipodomys,merriami,N,m,a,40,td,I10,NA,NA,NA,NA
2004-04-23,2004,4,23,Dipodomys,merriami,N,f,a,24,NR,H70,NA,NA,NA,NA
2004-04-23,2004,4,23,Dipodomys,merriami,N,f,a,38,pl,C60,NA,NA,NA,NA
2004-04-23,2004,4,23,Dipodomys,merriami,N,m,a,38,TD,B60,NA,NA,NA,NA
2004-04-23,2004,4,23,Dipodomys,merriami,N,m,a,37,td,A50,NA,NA,NA,NA
2004-04-23,2004,4,23,Dipodomys,merriami,N,m,a,NA,td,F90,no mass recorded,NA,NA,NA
2004-04-23,2004,4,23,Dipodomys,merriami,N,f,a,40,pl,E100,NA,NA,NA,NA
2004-04-23,2004,4,23,Dipodomys,merriami,N,f,j,NA,nr,J40,no mass recorded,NA,NA,NA
2004-04-23,2004,4,23,Dipodomys,merriami,N,m,a,NA,td,J90,no mass recorded,NA,NA,NA
2004-04-23,2004,4,23,Dipodomys,merriami,N,f,a,NA,pr,K60,no mass recorded,NA,NA,NA
2004-04-23,2004,4,23,Dipodomys,merriami,Y,f,a,36,NA,I20,repro condition not noted,NA,NA,NA
2004-04-23,2004,4,23,Dipodomys,merriami,Y,f,a,40,Preg,H30,NA,NA,NA,NA
2004-04-23,2004,4,23,Dipodomys,merriami,Y,f,a,34,NR,C50,NA,NA,NA,NA
2004-04-23,2004,4,23,Dipodomys,merriami,Y,m,a,38,td,G70,NA,NA,NA,NA
2004-04-23,2004,4,23,Dipodomys,merriami,Y,f,a,44,la,A60,NA,NA,NA,NA
2004-04-23,2004,4,23,Dipodomys,merriami,Y,NA,J,NA,NA,F40,"no mass, repro status recorded, and J was under sex--I assumed it was supposed to be under age",NA,NA,NA
2004-04-23,2004,4,23,Dipodomys,merriami,Y,f,j,19,NA,F30,no repro status recorded,NA,NA,NA
2004-04-23,2004,4,23,Dipodomys,merriami,Y,m,a,NA,td,E10,no mass recorded,NA,NA,NA
2004-04-23,2004,4,23,Dipodomys,merriami,Y,f,a,49,pr,J80,NA,NA,NA,NA
2004-04-23,2004,4,23,Neotoma,albigula,N,m,a,180,td,D100,NA,NA,NA,NA
2004-04-23,2004,4,23,Neotoma,albigula,N,m,a,200,TD,D80,NA,NA,NA,NA
2004-04-23,2004,4,23,Neotoma,albigula,N,m,a,195,TD,J60,NA,NA,NA,NA
2004-04-23,2004,4,23,Neotoma,albigula,N,m,a,155,nr,L20,NA,NA,NA,NA
2004-04-23,2004,4,23,Neotoma,albigula,Y,f,NA,126,pl,D60,age not recorded,NA,NA,NA
2004-04-23,2004,4,23,Neotoma,albigula,Y,m,j,79,nr,G15,NA,NA,NA,NA
2004-04-23,2004,4,23,Perognathus,amplus,Y,f,a,10,NR,D30,NA,NA,NA,NA
2004-04-23,2004,4,23,Perognathus,amplus,Y,f,a,12,nr,B50,NA,NA,NA,NA
2004-04-23,2004,4,23,Perognathus,amplus,Y,m,a,11,td,E15,NA,NA,NA,NA
2005-03-19,2005,3,19,Chaetodipus,baileyi,N,f,a,34,Pl,K20,NA,26,NA,NA
2005-03-19,2005,3,19,Chaetodipus,baileyi,N,m,a,37,sc,I5,NA,26,NA,NA
2005-03-19,2005,3,19,Chaetodipus,baileyi,N,m,a,27,nr,J20,NA,25,NA,NA
2005-03-19,2005,3,19,Chaetodipus,baileyi,N,f,a,37,pr,J30,NA,26,NA,NA
2005-03-19,2005,3,19,Chaetodipus,baileyi,N,f,a,30,rr,J50,NA,27,NA,NA
2005-03-19,2005,3,19,Chaetodipus,baileyi,N,m,a,30,nr,J40,NA,25,NA,NA
2005-03-19,2005,3,19,Chaetodipus,baileyi,N,m,NA,32,scr,J100,NA,26,NA,NA
2005-03-19,2005,3,19,Chaetodipus,baileyi,N,f,NA,33,pr,I80,NA,25,NA,NA
2005-03-19,2005,3,19,Chaetodipus,baileyi,N,m,NA,30,scr,I40,NA,25,NA,NA
2005-03-19,2005,3,19,Chaetodipus,baileyi,N,m,NA,39,scr,I60,NA,25,NA,NA
2005-03-19,2005,3,19,Chaetodipus,baileyi,N,m,a,29,scr,center,"did not mark animal, tail broken",26,90,80
2005-03-19,2005,3,19,Chaetodipus,baileyi,N,f,a,36,PL,A10,GRN,25,90,115
2005-03-19,2005,3,19,Chaetodipus,baileyi,N,f,a,33,PL,A80,G,25,85,105
2005-03-19,2005,3,19,Chaetodipus,baileyi,N,f,a,28,PL,A100,G,25,NA,NA
2005-03-19,2005,3,19,Chaetodipus,baileyi,N,f,a,36,PL,A90,G,26,NA,NA
2005-03-19,2005,3,19,Chaetodipus,baileyi,N,m,a,33,Scr,B80,G,26,NA,NA
2005-03-19,2005,3,19,Chaetodipus,baileyi,N,m,a,28,scr,D40,G,25,NA,NA
2005-03-19,2005,3,19,Chaetodipus,baileyi,N,f,a,28,pl,D80,G,25,NA,NA
2005-03-19,2005,3,19,Chaetodipus,baileyi,N,f,a,31,nr,C50,G,25,NA,NA
2005-03-19,2005,3,19,Chaetodipus,baileyi,N,f,a,35,pl,E70,G,26,NA,NA
2005-03-19,2005,3,19,Chaetodipus,baileyi,N,m,a,35,scr,E90,G,25,NA,NA
2005-03-19,2005,3,19,Chaetodipus,baileyi,N,f,a,27,nr,A50,tail broken,25,NA,80
2005-03-19,2005,3,19,Chaetodipus,baileyi,N,m,a,38,NA,B70,NA,26,NA,NA
2005-03-19,2005,3,19,Chaetodipus,baileyi,N,f,a,24,nr,B50,not sure on the species--see original datasheet,23,NA,68
2005-03-19,2005,3,19,Chaetodipus,baileyi,N,m,a,40,nr,B15,NA,26,NA,NA
2005-03-19,2005,3,19,Chaetodipus,baileyi,N,f,a,36,nr,G50,NA,26,NA,NA
2005-03-19,2005,3,19,Chaetodipus,baileyi,N,NA,NA,39,NA,G70,escaped? 'Esc',NA,NA,NA
2005-03-19,2005,3,19,Chaetodipus,baileyi,N,f,a,35,pl,E40,g,25,NA,NA
2005-03-19,2005,3,19,Chaetodipus,baileyi,N,m,a,27,nr,E5,NA,25,NA,NA
2005-03-19,2005,3,19,Chaetodipus,baileyi,N,m,A,34,nr,G60,NA,24,NA,NA
2005-03-19,2005,3,19,Chaetodipus,baileyi,N,m,a,30,scr,G80,NA,24,NA,NA
2005-03-19,2005,3,19,Chaetodipus,baileyi,N,f,a,33,pl,G90,NA,25,NA,NA
2005-03-19,2005,3,19,Chaetodipus,baileyi,N,m,a,35,scr,G15,NA,26,NA,NA
2005-03-19,2005,3,19,Chaetodipus,baileyi,N,f,a,45,pr,H20,NA,26,NA,NA
2005-03-19,2005,3,19,Chaetodipus,baileyi,N,f,a,31,pr,H40,NA,27,NA,NA
2005-03-19,2005,3,19,Chaetodipus,baileyi,N,f,a,29,pl,H60,NA,26,NA,NA
2005-03-19,2005,3,19,Chaetodipus,baileyi,N,m,a,26,scr,J70,NA,25,NA,NA
2005-03-19,2005,3,19,Chaetodipus,penicillatus,N,m,a,30,nr,K80,NA,30,NA,NA
2005-03-19,2005,3,19,Chaetodipus,penicillatus,N,f,a,37,pl,K70,NA,25,NA,NA
2005-03-19,2005,3,19,Chaetodipus,penicillatus,N,m,NA,19,scm,I20,NA,21,NA,NA
2005-03-19,2005,3,19,Chaetodipus,penicillatus,N,m,a,17,scr,C20,G,21,NA,NA
2005-03-19,2005,3,19,Chaetodipus,penicillatus,N,m,a,36,sc,D5,NA,24,NA,NA
2005-03-19,2005,3,19,Chaetodipus,penicillatus,N,m,a,16,nr,D50,NA,20,NA,NA
2005-03-19,2005,3,19,Chaetodipus,penicillatus,N,m,a,20,nr,B?,can't read the trap number,21,NA,NA
2005-03-19,2005,3,19,Chaetodipus,penicillatus,N,m,a,15,nr,F10,can't read the trap number,22,NA,NA
2005-03-19,2005,3,19,Chaetodipus,penicillatus,N,m,a,33,nr,F40,NA,23,NA,NA
2005-03-19,2005,3,19,Chaetodipus,penicillatus,N,m,a,20,nr,F70,can't read the trap number,22,NA,NA
2005-03-19,2005,3,19,Chaetodipus,penicillatus,N,m,a,34,nr,F100,NA,24,NA,NA
2005-03-19,2005,3,19,Chaetodipus,penicillatus,N,f,a,28,nr,K50,NA,23,NA,NA
2005-03-19,2005,3,19,Dipodomys,merriami,N,m,a,43,sc,K100,NA,28,NA,NA
2005-03-19,2005,3,19,Dipodomys,merriami,N,f,a,41,nr,L60,NA,35,NA,NA
2005-03-19,2005,3,19,Dipodomys,merriami,N,m,a,47,sm,L40,NA,35,NA,NA
2005-03-19,2005,3,19,Dipodomys,merriami,N,m,a,41,sc,A30,NA,NA,NA,NA
2005-03-19,2005,3,19,Dipodomys,merriami,N,m,a,47,nr,I50,NA,NA,NA,NA
2005-03-19,2005,3,19,Dipodomys,merriami,N,f,a,44,pl,C60,g,33,NA,NA
2005-03-19,2005,3,19,Dipodomys,merriami,N,f,a,42,pl,F20,NA,31,NA,NA
2005-03-19,2005,3,19,Dipodomys,merriami,N,f,a,55,nr,E50,NA,NA,NA,NA
2005-03-19,2005,3,19,Dipodomys,merriami,N,m,a,46,ser,E60,NA,NA,NA,NA
2005-03-19,2005,3,19,Dipodomys,merriami,N,f,a,47,nr,G20,NA,NA,NA,NA
2005-03-19,2005,3,19,Neotoma,albigula,N,f,a,58,NA,D60,GRN,NA,NA,NA
2005-03-19,2005,3,19,Neotoma,albigula,N,NA,j,76,NA,E30,NA,NA,NA,NA
2005-03-19,2005,3,19,Perognathus,amplus,N,m,a,17,nr,K15,NA,19,NA,NA
2005-03-19,2005,3,19,Perognathus,amplus,N,m,a,11,scr,D100,G,16,NA,65
2005-03-20,2005,3,20,Chaetodipus,baileyi,N,m,a,34,sc,A70,NA,25,NA,NA
2005-03-20,2005,3,20,Chaetodipus,baileyi,N,m,a,34,sc,A90,NA,25,NA,NA
2005-03-20,2005,3,20,Chaetodipus,baileyi,N,f,a,24,E,E100,Pregnant,23,NA,NA
2005-03-20,2005,3,20,Chaetodipus,baileyi,N,f,a,27,nr,E90,NA,25,NA,NA
2005-03-20,2005,3,20,Chaetodipus,baileyi,N,f,a,29,E,E60,Pregnant,23,NA,NA
2005-03-20,2005,3,20,Chaetodipus,baileyi,N,f,a,30.5,pregnant,F30,NA,25,NA,NA
2005-03-20,2005,3,20,Chaetodipus,baileyi,N,m,a,39,sc,H50,NA,24,NA,NA
2005-03-20,2005,3,20,Chaetodipus,baileyi,N,f,a,NA,34,L50,NA,25,NA,NA
2005-03-20,2005,3,20,Chaetodipus,baileyi,N,m,a,26,sc,C70,NA,26,NA,NA
2005-03-20,2005,3,20,Chaetodipus,baileyi,N,f,a,24,nr,K30,NA,25,NA,NA
2005-03-20,2005,3,20,Chaetodipus,baileyi,N,m,a,29,sc,K70,NA,25,NA,NA
2005-03-20,2005,3,20,Chaetodipus,baileyi,N,f,a,37,pr,G60,NA,26,NA,NA
2005-03-20,2005,3,20,Chaetodipus,baileyi,N,m,a,43,sc,G30,NA,26,NA,NA
2005-03-20,2005,3,20,Chaetodipus,baileyi,N,f,a,25,nr,G100,NA,25,NA,NA
2005-03-20,2005,3,20,Chaetodipus,baileyi,N,f,a,29,nr,B15,NA,26,NA,NA
2005-03-20,2005,3,20,Chaetodipus,baileyi,N,f,a,27,pl,B100,NA,25,NA,NA
2005-03-20,2005,3,20,Chaetodipus,baileyi,N,f,a,29,pr,I60,NA,25,NA,NA
2005-03-20,2005,3,20,Chaetodipus,baileyi,Y,m,NA,30,NA,center,NA,NA,NA,NA
2005-03-20,2005,3,20,Chaetodipus,baileyi,Y,NA,NA,NA,NA,A15,NA,NA,NA,NA
2005-03-20,2005,3,20,Chaetodipus,baileyi,Y,NA,NA,NA,NA,A80,NA,NA,NA,NA
2005-03-20,2005,3,20,Chaetodipus,baileyi,Y,NA,NA,NA,NA,A50,NA,NA,NA,NA
2005-03-20,2005,3,20,Chaetodipus,baileyi,Y,NA,NA,NA,NA,A100,torpid,NA,NA,NA
2005-03-20,2005,3,20,Chaetodipus,baileyi,Y,NA,NA,NA,NA,F100,NA,NA,NA,NA
2005-03-20,2005,3,20,Chaetodipus,baileyi,Y,NA,NA,NA,NA,F50,NA,NA,NA,NA
2005-03-20,2005,3,20,Chaetodipus,baileyi,Y,NA,NA,NA,NA,F40,NA,NA,NA,NA
2005-03-20,2005,3,20,Chaetodipus,baileyi,Y,NA,NA,NA,NA,D40,NA,NA,NA,NA
2005-03-20,2005,3,20,Chaetodipus,baileyi,Y,NA,NA,NA,NA,H40,torpid,NA,NA,NA
2005-03-20,2005,3,20,Chaetodipus,baileyi,Y,NA,NA,NA,NA,J40,NA,NA,NA,NA
2005-03-20,2005,3,20,Chaetodipus,baileyi,Y,NA,NA,27,NA,J70,NA,NA,NA,NA
2005-03-20,2005,3,20,Chaetodipus,baileyi,Y,NA,NA,NA,NA,C50,NA,NA,NA,NA
2005-03-20,2005,3,20,Chaetodipus,baileyi,Y,NA,NA,NA,NA,K40,NA,NA,NA,NA
2005-03-20,2005,3,20,Chaetodipus,baileyi,Y,NA,NA,NA,NA,K10,NA,NA,NA,NA
2005-03-20,2005,3,20,Chaetodipus,baileyi,Y,NA,NA,NA,NA,K80,NA,NA,NA,NA
2005-03-20,2005,3,20,Chaetodipus,baileyi,Y,NA,NA,NA,NA,G50,NA,NA,NA,NA
2005-03-20,2005,3,20,Chaetodipus,baileyi,Y,NA,NA,NA,NA,G90,NA,NA,NA,NA
2005-03-20,2005,3,20,Chaetodipus,baileyi,Y,NA,NA,NA,NA,B60,NA,NA,NA,NA
2005-03-20,2005,3,20,Chaetodipus,baileyi,Y,NA,NA,NA,NA,B70,NA,NA,NA,NA
2005-03-20,2005,3,20,Chaetodipus,baileyi,Y,NA,NA,NA,NA,I40,can't read the trap number,NA,NA,NA
2005-03-20,2005,3,20,Chaetodipus,penicillatus,N,f,a,15.5,nr,E20,NA,21,NA,NA
2005-03-20,2005,3,20,Chaetodipus,penicillatus,N,m,a,17,nr,D30,NA,19,NA,NA
2005-03-20,2005,3,20,Chaetodipus,penicillatus,N,m,a,15,sc,G20,NA,21,NA,NA
2005-03-20,2005,3,20,Chaetodipus,penicillatus,Y,NA,NA,NA,NA,A10,NA,NA,NA,NA
2005-03-20,2005,3,20,Chaetodipus,penicillatus,Y,NA,NA,NA,NA,E10,NA,NA,NA,NA
2005-03-20,2005,3,20,Chaetodipus,penicillatus,Y,NA,NA,NA,NA,D50,NA,NA,NA,NA
2005-03-20,2005,3,20,Chaetodipus,penicillatus,Y,NA,NA,NA,NA,I20,NA,NA,NA,NA
2005-03-20,2005,3,20,Dipodomys,merriami,N,f,a,47,lac,J90,NA,35,NA,NA
2005-03-20,2005,3,20,Dipodomys,merriami,N,m,a,43,sc,J100,NA,35,NA,NA
2005-03-20,2005,3,20,Dipodomys,merriami,N,f,a,45,pr,K100,NA,NA,NA,NA
2005-03-20,2005,3,20,Dipodomys,merriami,Y,NA,NA,NA,NA,A40,NA,NA,NA,NA
2005-03-20,2005,3,20,Dipodomys,merriami,Y,NA,NA,NA,NA,J30,NA,NA,NA,NA
2005-03-20,2005,3,20,Dipodomys,merriami,Y,NA,NA,NA,NA,L30,NA,NA,NA,NA
2005-03-20,2005,3,20,Dipodomys,merriami,Y,NA,NA,NA,NA,L60,NA,NA,NA,NA
2005-03-20,2005,3,20,Neotoma,albigula,N,f,a,187,lac,J60,NA,NA,NA,NA
2005-03-20,2005,3,20,Neotoma,albigula,N,m,a,NA,NA,C90,NA,NA,NA,NA
2005-03-20,2005,3,20,Neotoma,albigula,Y,NA,j,NA,NA,E30,NA,NA,NA,NA
2005-03-20,2005,3,20,Perognathus,amplus,Y,m,a,NA,sc,I30,NA,NA,NA,NA
2006-03-18,2006,3,18,Chaetodipus,baileyi,N,M,A,27,SC,I60,NA,25,87,109
2006-03-18,2006,3,18,Chaetodipus,baileyi,N,M,A,42,NR,I20,NA,26,94,106
2006-03-18,2006,3,18,Chaetodipus,baileyi,N,F,A,22,NR,A100,NA,24,78,97
2006-03-18,2006,3,18,Chaetodipus,baileyi,N,M,A,26,NR,A70,NA,24,88,112
2006-03-18,2006,3,18,Chaetodipus,baileyi,N,M,A,27,SC,B30,NA,25,89,112
2006-03-18,2006,3,18,Chaetodipus,baileyi,N,M,A,34,NR,B100,NA,26,100,103
2006-03-18,2006,3,18,Chaetodipus,baileyi,N,M,A,28,SC,B15,NA,25,85,100
2006-03-18,2006,3,18,Chaetodipus,baileyi,N,F,A,26,NR,E100,NA,25,88,96
2006-03-18,2006,3,18,Chaetodipus,baileyi,N,NA,A,NA,NA,E60,ESCAPED,NA,NA,NA
2006-03-18,2006,3,18,Chaetodipus,baileyi,N,F,A,23,NR,K15,NA,25,80,110
2006-03-18,2006,3,18,Chaetodipus,baileyi,N,M,A,35,NR,B50,NA,23,79,111
2006-03-18,2006,3,18,Chaetodipus,baileyi,N,F,A,23,NR,center,center was written for trap number,25,85,110
2006-03-18,2006,3,18,Chaetodipus,baileyi,N,M,A,26,NR,center,center was written for trap number,24,90,106
2006-03-18,2006,3,18,Chaetodipus,baileyi,N,m,a,30,sc,F70,NA,25,95,120
2006-03-18,2006,3,18,Chaetodipus,baileyi,N,M,A,27,SC,F30,NA,25,85,120
2006-03-18,2006,3,18,Chaetodipus,baileyi,N,F,A,23,NR,J10,NA,24,85,110
2006-03-18,2006,3,18,Chaetodipus,baileyi,N,M,A,25,SC,L100,NA,26,88,115
2006-03-18,2006,3,18,Chaetodipus,baileyi,N,F,NA,24,PR,L60,age not recorded,25,89,120
2006-03-18,2006,3,18,Chaetodipus,baileyi,N,M,A,24,SC,D60,NA,24,85,115
2006-03-18,2006,3,18,Chaetodipus,baileyi,N,M,A,35,SC,H80,broken,25,92,40
2006-03-18,2006,3,18,Chaetodipus,baileyi,N,M,A,24,SC,C30,NA,25,90,110
2006-03-18,2006,3,18,Chaetodipus,baileyi,N,M,A,33,SC,K70,NA,24,96,115
2006-03-18,2006,3,18,Chaetodipus,baileyi,N,F,A,NA,NR,K20,"mass, rhf not recorded",NA,88,115
2006-03-18,2006,3,18,Chaetodipus,penicillatus,N,M,S,13,SC,G30,"cool, clear weather, moon phase 1/2",20,61,83
2006-03-18,2006,3,18,Chaetodipus,penicillatus,N,F,A,21,NR,B50,TAIL BROKEN IN PAST,21,70,52
2006-03-18,2006,3,18,Chaetodipus,penicillatus,N,F,A,NA,NR,C50,mass not recorded,22,82,110
2006-03-18,2006,3,18,Dipodomys,merriami,N,F,A,38,NR,G15,NA,34,104,123
2006-03-18,2006,3,18,Dipodomys,merriami,N,M,A,39,SC,I10,NA,31,100,133
2006-03-18,2006,3,18,Dipodomys,merriami,N,M,A,39,SC,E40,NA,33,102,130
2006-03-18,2006,3,18,Dipodomys,merriami,N,M,A,43,SC,E50,NA,33,104,121
2006-03-18,2006,3,18,Dipodomys,merriami,N,F,A,37,PO,F90,NA,35,90,130
2006-03-18,2006,3,18,Dipodomys,merriami,N,F,A,36,NR,L20,NA,34,90,140
2006-03-18,2006,3,18,Dipodomys,merriami,N,M,A,37,SC,C70,NA,32,100,130
2006-03-18,2006,3,18,Dipodomys,merriami,N,M,A,40,SC,K50,NA,34,103,135
2006-03-18,2006,3,18,Dipodomys,merriami,N,M,A,41,SC,K60,NA,32,105,140
2006-03-18,2006,3,18,Dipodomys,merriami,N,F,NA,43,RC,K40,"broken, age, body not recorded",35,NA,95
2006-03-18,2006,3,18,Neotoma,albigula,N,F,A,207,LA,I50,NA,NA,NA,NA
2006-03-18,2006,3,18,Neotoma,albigula,N,F,S,114,PL,A50,NA,NA,NA,NA
2006-03-18,2006,3,18,Neotoma,albigula,N,M,A,137,NR,E30,NA,NA,NA,NA
2006-03-18,2006,3,18,Neotoma,albigula,N,F,S,110,NR,E80,NA,NA,NA,NA
2006-03-18,2006,3,18,Neotoma,albigula,N,M,J,72,NR,E90,NA,NA,NA,NA
2006-03-18,2006,3,18,Neotoma,albigula,N,NA,NA,170,NA,J90,"sex, age, repro not recorded",NA,NA,NA
2006-03-18,2006,3,18,Neotoma,albigula,N,NA,J,109,NA,L40,"sex, repro not recorded",NA,NA,NA
2006-03-18,2006,3,18,Neotoma,albigula,N,NA,NA,169,NA,NA,"trap, sex, age, repro not recorded",NA,NA,NA
2006-03-18,2006,3,18,Neotoma,albigula,N,M,A,NA,124,C80,broken,NA,NA,NA
2006-03-18,2006,3,18,Peromyscus,eremicus,N,F,SA,17,NR,G90,NA,20,80,100
2007-03-17,2007,3,17,Chaetodipus,baileyi,N,F,A,26,NR,I90,NA,NA,NA,NA
2007-03-17,2007,3,17,Chaetodipus,baileyi,N,M,A,25,NR,I80,NA,NA,NA,NA
2007-03-17,2007,3,17,Chaetodipus,baileyi,N,M,A,28,NR,L100,NA,NA,NA,NA
2007-03-17,2007,3,17,Chaetodipus,baileyi,N,F,NA,25,NR,C70,NA,NA,NA,NA
2007-03-17,2007,3,17,Chaetodipus,baileyi,N,M,A,28,R,J80,NA,NA,NA,NA
2007-03-17,2007,3,17,Chaetodipus,baileyi,N,F,A,23,NR,C40,NA,NA,NA,NA
2007-03-17,2007,3,17,Chaetodipus,baileyi,N,F,A,23,NR,C20,NA,NA,NA,NA
2007-03-17,2007,3,17,Chaetodipus,baileyi,N,M,A,25,R,B30,NA,NA,NA,NA
2007-03-17,2007,3,17,Chaetodipus,baileyi,N,F,A,21,NR,G30,NA,NA,NA,NA
2007-03-17,2007,3,17,Chaetodipus,baileyi,N,M,A,40,R,G15,NA,NA,NA,NA
2007-03-17,2007,3,17,Chaetodipus,baileyi,N,M,A,30,R,H80,NA,NA,NA,NA
2007-03-17,2007,3,17,Chaetodipus,baileyi,N,F,A,30,NR,H100,NA,NA,NA,NA
2007-03-17,2007,3,17,Chaetodipus,baileyi,N,M,A,26,NR,A40,NA,NA,NA,NA
2007-03-17,2007,3,17,Chaetodipus,baileyi,N,F,A,20,NR,A15,NA,NA,NA,NA
2007-03-17,2007,3,17,Chaetodipus,baileyi,N,M,A,32,R,D50,NA,NA,NA,NA
2007-03-17,2007,3,17,Chaetodipus,baileyi,N,F,NA,21,NR,D40,NA,NA,NA,NA
2007-03-17,2007,3,17,Chaetodipus,baileyi,N,M,A,28,NA,L20,NA,NA,NA,NA
2007-03-17,2007,3,17,Chaetodipus,baileyi,N,F,A,21,NR,B50,NA,NA,NA,NA
2007-03-17,2007,3,17,Chaetodipus,baileyi,N,M,A,32,R,K70,NA,NA,NA,NA
2007-03-17,2007,3,17,Chaetodipus,baileyi,N,F,A,23,NR,J40,NA,NA,NA,NA
2007-03-17,2007,3,17,Chaetodipus,baileyi,N,F,A,30,NR,J50,NA,NA,NA,NA
2007-03-17,2007,3,17,Chaetodipus,penicillatus,N,F,A,15,NR,E20,NA,NA,NA,NA
2007-03-17,2007,3,17,Chaetodipus,penicillatus,N,M,J,13,NR,E50,NA,NA,NA,NA
2007-03-17,2007,3,17,Dipodomys,merriami,N,F,A,25,NR,C60,NA,NA,NA,NA
2007-03-17,2007,3,17,Dipodomys,merriami,N,F,A,34,NR,G50,NA,NA,NA,NA
2007-03-17,2007,3,17,Dipodomys,merriami,N,F,A,36,NR,G40,NA,NA,NA,NA
2007-03-17,2007,3,17,Dipodomys,merriami,N,F,A,50,R,H40,NA,NA,NA,NA
2007-03-17,2007,3,17,Dipodomys,merriami,N,M,A,39,R,D70,NA,NA,NA,NA
2007-03-17,2007,3,17,Dipodomys,merriami,N,F,A,26,NR,J60,NA,NA,NA,NA
2007-03-17,2007,3,17,Dipodomys,merriami,N,F,A,41,NR,F80,NA,NA,NA,NA
2007-03-17,2007,3,17,Neotoma,albigula,N,F,A,NA,R,I40,broken tail,NA,NA,NA
2007-03-17,2007,3,17,Neotoma,albigula,N,NA,J,69,NA,L70,NA,NA,NA,NA
2007-03-17,2007,3,17,Neotoma,albigula,N,F,A,NA,R,G40,NA,NA,NA,NA
2007-03-17,2007,3,17,Neotoma,albigula,N,F,J,NA,NR,H50,NA,NA,NA,NA
2007-03-17,2007,3,17,Neotoma,albigula,N,F,A,NA,R,H70,NA,NA,NA,NA
2007-03-17,2007,3,17,Neotoma,albigula,N,F,A,NA,R,H90,NA,NA,NA,NA
2007-03-17,2007,3,17,Neotoma,albigula,N,esca.,NA,NA,NA,D60,NA,NA,NA,NA
2007-03-17,2007,3,17,Neotoma,albigula,N,F,NA,NA,NA,J50,NA,NA,NA,NA
2007-03-18,2007,3,18,Chaetodipus,baileyi,N,F,NA,23,NR,H80,NA,NA,NA,NA
2007-03-18,2007,3,18,Chaetodipus,baileyi,N,F,A,25,NR,B50,NA,NA,NA,NA
2007-03-18,2007,3,18,Chaetodipus,baileyi,N,M,A,29,R,B80,NA,NA,NA,NA
2007-03-18,2007,3,18,Chaetodipus,baileyi,N,F,S,20,NR,C90,NA,NA,NA,NA
2007-03-18,2007,3,18,Chaetodipus,baileyi,N,M,A,26,NR,G100,NA,NA,NA,NA
2007-03-18,2007,3,18,Chaetodipus,baileyi,N,M,A,27,R,G30,lactating,NA,NA,NA
2007-03-18,2007,3,18,Chaetodipus,baileyi,N,M,A,23,R,K90,CLEAR AND COOL,NA,NA,NA
2007-03-18,2007,3,18,Chaetodipus,baileyi,N,F,A,20,NR,F70,broken tail,NA,NA,NA
2007-03-18,2007,3,18,Chaetodipus,baileyi,N,F,A,21,NR,F40,NA,NA,NA,NA
2007-03-18,2007,3,18,Chaetodipus,baileyi,N,F,A,24,NR,I80,NA,NA,NA,NA
2007-03-18,2007,3,18,Chaetodipus,baileyi,N,F,A,22,NR,I40,NA,NA,NA,NA
2007-03-18,2007,3,18,Chaetodipus,baileyi,N,F,A,24,NR,H20,NA,NA,NA,NA
2007-03-18,2007,3,18,Chaetodipus,baileyi,N,F,A,24,NR,J60,NA,NA,NA,NA
2007-03-18,2007,3,18,Chaetodipus,baileyi,N,F,NA,26,NR,B90,NA,NA,NA,NA
2007-03-18,2007,3,18,Chaetodipus,baileyi,N,F,NA,23,NR,D5,NA,NA,NA,NA
2007-03-18,2007,3,18,Chaetodipus,baileyi,N,M,NA,31,R,D15,NA,NA,NA,NA
2007-03-18,2007,3,18,Chaetodipus,baileyi,N,F,NA,20,NR,D40,NA,NA,NA,NA
2007-03-18,2007,3,18,Chaetodipus,baileyi,N,M,NA,28,NR,D100,NA,NA,NA,NA
2007-03-18,2007,3,18,Chaetodipus,baileyi,N,F,NA,22,NR,D80,NA,NA,NA,NA
2007-03-18,2007,3,18,Chaetodipus,baileyi,N,M,NA,26,R,A80,NA,NA,NA,NA
2007-03-18,2007,3,18,Chaetodipus,baileyi,N,M,NA,28,NR,A100,NA,NA,NA,NA
2007-03-18,2007,3,18,Chaetodipus,baileyi,N,M,NA,25,NR,E90,NA,NA,NA,NA
2007-03-18,2007,3,18,Chaetodipus,baileyi,N,M,NA,20,R,E60,NA,NA,NA,NA
2007-03-18,2007,3,18,Chaetodipus,baileyi,N,M,NA,25,R,E100,NA,NA,NA,NA
2007-03-18,2007,3,18,Chaetodipus,baileyi,N,F,NA,20,NR,E100,NA,NA,NA,NA
2007-03-18,2007,3,18,Chaetodipus,baileyi,N,F,NA,24,NR,F80,NA,NA,NA,NA
2007-03-18,2007,3,18,Chaetodipus,baileyi,N,M,NA,26,R,H70,NA,NA,NA,NA
2007-03-18,2007,3,18,Chaetodipus,baileyi,N,F,NA,23,NR,J40,NA,NA,NA,NA
2007-03-18,2007,3,18,Chaetodipus,baileyi,N,M,NA,37,R,J10,NA,NA,NA,NA
2007-03-18,2007,3,18,Chaetodipus,baileyi,Y,M,A,25,NA,B30,NA,NA,NA,NA
2007-03-18,2007,3,18,Chaetodipus,baileyi,Y,F,A,21,NR,C20,NA,NA,NA,NA
2007-03-18,2007,3,18,Chaetodipus,baileyi,Y,F,A,25,NR,A40,NA,NA,NA,NA
2007-03-18,2007,3,18,Chaetodipus,baileyi,Y,F,A,20,NR,A20,NA,NA,NA,NA
2007-03-18,2007,3,18,Chaetodipus,baileyi,Y,M,A,39,R,G15,NA,NA,NA,NA
2007-03-18,2007,3,18,Chaetodipus,baileyi,Y,F,A,27,NR,G05,NA,NA,NA,NA
2007-03-18,2007,3,18,Chaetodipus,baileyi,Y,M,A,NA,R,K70,NA,NA,NA,NA
2007-03-18,2007,3,18,Chaetodipus,baileyi,N,NA,NA,NA,NA,K20,GOT OUT OF TRAP,NA,NA,NA
2007-03-18,2007,3,18,Chaetodipus,penicillatus,Y,M,NA,12,NR,E50,NA,NA,NA,NA
2007-03-18,2007,3,18,Chaetodipus,penicillatus,Y,F,NA,12,NR,E20,NA,NA,NA,NA
2007-03-18,2007,3,18,Dipodomys,merriami,N,F,A,36,NR,F50,genital sore. Hard mass,NA,NA,NA
2007-03-18,2007,3,18,Dipodomys,merriami,N,F,J,17,NR,I10,NA,NA,NA,NA
2007-03-18,2007,3,18,Dipodomys,merriami,N,F,NA,34,NR,F90,NA,NA,NA,NA
2007-03-18,2007,3,18,Dipodomys,merriami,Y,NA,NA,47,NA,H60,NA,NA,NA,NA
2007-03-18,2007,3,18,Neotoma,albigula,N,M,J,60,NR,A90,broken tail,NA,NA,NA
2007-03-18,2007,3,18,Neotoma,albigula,N,F,A,20,R,G70,NA,NA,NA,NA
2007-03-18,2007,3,18,Neotoma,albigula,N,F,A,190,R,I70,NA,NA,NA,NA
2007-03-18,2007,3,18,Neotoma,albigula,N,M,NA,230,R,D30,NA,NA,NA,NA
2007-03-18,2007,3,18,Neotoma,albigula,N,F,NA,155,R,D60,NA,NA,NA,NA
2007-03-18,2007,3,18,Neotoma,albigula,N,F,NA,180,R,L60,NA,NA,NA,NA
2007-03-18,2007,3,18,Neotoma,albigula,N,F,NA,170,R,A50,NA,NA,NA,NA
2007-03-18,2007,3,18,Neotoma,albigula,N,M,NA,180,NA,A30,NA,NA,NA,NA
2007-03-18,2007,3,18,Neotoma,albigula,N,NA,NA,75,NR,H50,NA,NA,NA,NA
2007-03-18,2007,3,18,Neotoma,albigula,N,F,NA,NA,NR,H30,NA,NA,NA,NA
2007-03-18,2007,3,18,Neotoma,albigula,Y,NA,NA,NA,NA,G40,NA,NA,NA,NA
2007-03-18,2007,3,18,Neotoma,albigula,Y,F,J,150,R,J15,lactating,NA,NA,NA
2007-03-18,2007,3,18,Onychomys,torridus,N,F,A,26,R,B40,lactating,NA,NA,NA
2007-03-18,2007,3,18,Onychomys,torridus,N,M,J,11,NR,H40,NA,NA,NA,NA
2007-03-18,2007,3,18,Onychomys,torridus,N,F,NA,12,NR,B20,NA,NA,NA,NA
2007-03-18,2007,3,18,Onychomys,torridus,N,F,NA,10,NR,F15,NA,NA,NA,NA
2008-03-22,2008,3,22,Neotoma,albigula,N,F,A,210,R,D-60,NA,NA,NA,NA
2008-03-22,2008,3,22,Chaetodipus,penicillatus,N,F,A,25,NR,F-90,FOUND DEAD IN TRAP,NA,NA,NA
2008-03-22,2008,3,22,Dipodomys,merriami,N,M,A,NA,R,CTR,NA,32,NA,140
2008-03-22,2008,3,22,Dipodomys,merriami,N,M,A,42,NR,CTR,NA,NA,NA,NA
2008-03-22,2008,3,22,Dipodomys,merriami,N,F,A,44,NR,CTR,NA,NA,NA,NA
2008-03-22,2008,3,22,Chaetodipus,penicillatus,N,F,A,24,NR,H-80,NA,NA,NA,NA
2008-03-22,2008,3,22,Neotoma,albigula,N,F,A,150,R,H-70,NA,NA,NA,NA
2008-03-22,2008,3,22,Chaetodipus,baileyi,N,F,A,26,NR,H-15,NA,NA,NA,NA
2008-03-22,2008,3,22,Chaetodipus,baileyi,N,M,A,22,R,I-40,NA,NA,NA,NA
2008-03-22,2008,3,22,Chaetodipus,baileyi,N,M,A,31,R,C-30,NA,NA,NA,NA
2008-03-22,2008,3,22,Dipodomys,merriami,N,M,A,33,R,C-70,NA,NA,NA,NA
2008-03-22,2008,3,22,Dipodomys,merriami,N,M,A,44,R,39477,NA,NA,NA,NA
2008-03-22,2008,3,22,Dipodomys,merriami,N,F,A,24,NR,F-50,NA,NA,NA,NA
2008-03-22,2008,3,22,Neotoma,albigula,N,F,A,175,R,I-70,NA,NA,NA,NA
2008-03-22,2008,3,22,Neotoma,albigula,N,F,A,150,R,C-15,NA,NA,NA,NA
2008-03-22,2008,3,22,Dipodomys,merriami,N,F,A,36,NR,C-70,NA,NA,NA,NA
2008-03-22,2008,3,22,Neotoma,albigula,N,M,J,86,NR,I-5,NA,NA,NA,NA
2008-03-22,2008,3,22,Chaetodipus,baileyi,N,M,A,30,R,J-70,NA,23,80,93
2008-03-22,2008,3,22,Chaetodipus,baileyi,N,M,J,14,NR,K-15,TORPID BUT ok WHEN WARMED,NA,NA,NA
2008-03-22,2008,3,22,Neotoma,albigula,N,F,A,150,R,K-70,NA,NA,NA,NA
2008-03-23,2008,3,23,Chaetodipus,baileyi,N,M,A,34,NR,F-90,NA,NA,NA,NA
2008-03-23,2008,3,23,Chaetodipus,baileyi,N,F,A,22,NR,E-20,NA,27,NA,NA
2008-03-23,2008,3,23,Neotoma,albigula,Y,M,A,180,R,E-100,NA,NA,NA,NA
2008-03-23,2008,3,23,Neotoma,albigula,N,M,J,74,NR,B-20,NA,NA,NA,NA
2008-03-23,2008,3,23,Dipodomys,merriami,N,F,A,39,NR,F-70,NA,NA,NA,NA
2008-03-23,2008,3,23,Neotoma,albigula,Y,F,A,210,R,F-80,LACTATING AND PREGNANT,NA,NA,NA
2008-03-23,2008,3,23,Chaetodipus,baileyi,N,F,A,23,NR,A-20,NA,24,NA,NA
2008-03-23,2008,3,23,Dipodomys,merriami,Y,M,A,38,R,A-30,NA,NA,NA,NA
2008-03-23,2008,3,23,Neotoma,albigula,N,F,J,85,NR,C-30,NA,NA,NA,NA
2008-03-23,2008,3,23,Dipodomys,merriami,Y,M,A,45,R,C-80,NA,NA,NA,NA
2008-03-23,2008,3,23,Chaetodipus,baileyi,N,F,A,22,NR,C-100,NA,NA,NA,NA
2008-03-23,2008,3,23,Neotoma,albigula,Y,F,A,175,R,G-40,LACTATING,NA,NA,NA
2008-03-23,2008,3,23,Neotoma,albigula,N,F,A,210,NR,C-40,NA,NA,NA,NA
2008-03-23,2008,3,23,Dipodomys,merriami,N,F,A,35,NR,I-80,NA,NA,NA,NA
2008-03-23,2008,3,23,Chaetodipus,baileyi,N,F,A,NA,NR,H-60,TORPID BUT ok WHEN WARMED,NA,NA,NA
2008-03-23,2008,3,23,Chaetodipus,baileyi,N,F,A,29,R,I-50,NA,NA,NA,NA
2008-03-23,2008,3,23,Dipodomys,merriami,Y,M,A,NA,NA,H-15,DEAD IN TRAP,NA,NA,NA
2008-03-23,2008,3,23,Dipodomys,merriami,Y,U,A,NA,NA,H-80,TORPID BUT ok WHEN WARMED,NA,NA,NA
2008-03-23,2008,3,23,Chaetodipus,baileyi,N,F,A,24,NR,H-50,NA,NA,NA,NA
2008-03-23,2008,3,23,Neotoma,albigula,Y,F,A,NA,R,H-70,NA,NA,NA,NA
2008-03-23,2008,3,23,Chaetodipus,baileyi,N,F,A,23,NR,J-80,NA,23,NA,NA
2008-03-23,2008,3,23,Neotoma,albigula,N,F,A,190,R,J-70,LACTATING,NA,NA,NA
2008-03-23,2008,3,23,Neotoma,albigula,N,F,A,185,R,J-50,LACTATING AND BROKEN TAIL,NA,NA,NA
2008-03-23,2008,3,23,Neotoma,albigula,Y,F,A,NA,R,K-70,BROKEN TAIL,NA,NA,NA
2008-03-23,2008,3,23,Neotoma,albigula,N,M,A,185,R,K-50,NA,NA,NA,NA
2008-03-23,2008,3,23,Dipodomys,merriami,Y,F,A,36,R,L-40,GIVING BIRTH,NA,NA,NA
2008-03-23,2008,3,23,Dipodomys,merriami,N,M,A,40,R,L-60,NA,NA,NA,NA
2008-03-23,2008,3,23,Chaetodipus,baileyi,N,F,A,28,NR,L-100,NA,NA,NA,NA
2008-03-23,2008,3,23,Neotoma,albigula,Y,F,A,135,R,L-15,lactating,NA,NA,NA
2008-03-23,2008,3,23,Neotoma,albigula,N,F,A,190,R,L-50,lactating,NA,NA,NA
