"Data contact:  Dr. Robert R. Parmenter, Valles Caldera National Preserve, Los Alamos, NM 87544.  Email:  bparmenter@vallescaldera.gov",,,,,,,,,,,
"POST 2003:  Don Swann, Don_Swann@nps.gov",,,,,,,,,,,
"Rodent data from Saguaro National Park, Tucson, AZ.    1991-2008",,,,,,,,,,,
"University of New Mexico's ""Desert Field Biology Class"" AND University of Arizona ""Long-term Ecological Monitoring Class""",,,,,,,,,,,
,,,,,,,,,,,
Trap Check Date,Species,Recapture?,Sex,Age,Mass (g),Reprod. Cond.,Web Trap #,Comments,RHF,Body,Tail
,,,,,,,,,,,
15-Mar-1991,Chaetodipus penicillatus,N,M,A,13.0,ST,9,"Weather last night clear, cold.",,,
15-Mar-1991,Chaetodipus penicillatus,N,M,A,16.0,ST,13, ,,,
15-Mar-1991,Chaetodipus penicillatus,N,M,A,14.5,ST,39,,,,
15-Mar-1991,Chaetodipus penicillatus,N,M,A,16.0,,45,,,,
15-Mar-1991,Chaetodipus penicillatus,N,M,A,14.5,ST,56,,,,
15-Mar-1991,Chaetodipus penicillatus,N,M,A,15.0,ST,75,,,,
15-Mar-1991,Chaetodipus penicillatus,N,M,A,15.0,,79,,,,
15-Mar-1991,Chaetodipus penicillatus,N,M,A,16.0,,88,,,,
15-Mar-1991,Chaetodipus penicillatus,N,M,A,15.0,ST,102,,,,
15-Mar-1991,Chaetodipus penicillatus,N,M,A,17.0,,123,,,,
15-Mar-1991,Chaetodipus penicillatus,N,M,A,13.5,ST,127,,,,
15-Mar-1991,Chaetodipus penicillatus,N,F,A,21.0,,145,,,,
15-Mar-1991,Dipodomys merriami,N,F,A,42.0,,20,,,,
15-Mar-1991,Dipodomys merriami,N,M,A,40.0,,21,,,,
15-Mar-1991,Dipodomys merriami,N,F,A,36.0,,27,,,,
15-Mar-1991,Dipodomys merriami,N,M,SA,34.0,,35,,,,
15-Mar-1991,Dipodomys merriami,N,M,A,42.0,ST,42,,,,
15-Mar-1991,Dipodomys merriami,N,F,A,36.0,,43,,,,
15-Mar-1991,Dipodomys merriami,N,F,A,36.5,,44,,,,
15-Mar-1991,Dipodomys merriami,N,M,A,44.0,ST,54,,,,
15-Mar-1991,Dipodomys merriami,N,M,A,43.0,,71,,,,
15-Mar-1991,Dipodomys merriami,N,M,A,45.0,,95,,,,
15-Mar-1991,Dipodomys merriami,N,M,A,46.0,ST,98,,,,
15-Mar-1991,Dipodomys merriami,N,M,A,43.0,ST,99,,,,
15-Mar-1991,Dipodomys merriami,N,F,A,35.0,,101,,,,
15-Mar-1991,Dipodomys merriami,N,M,A,38.0,ST,106,,,,
15-Mar-1991,Dipodomys merriami,N,F,A,40.0,,118,,,,
15-Mar-1991,Dipodomys merriami,N,F,J,22.0,,138,,,,
15-Mar-1991,Dipodomys merriami,N,M,A,40.5,ST,142,,,,
15-Mar-1991,Neotoma albigula,N,M,SA,102.0,,107,,,,
15-Mar-1991,Peromyscus eremicus,N,M,J,9.5,,11,,,,
16-Mar-1991,Chaetodipus baileyi,N,M,A, ,ST,58,"Weather cold, rainy; ice on plants.",,,
16-Mar-1991,Chaetodipus penicillatus,N,M,A,,ST,9,,,,
16-Mar-1991,Chaetodipus penicillatus,N,F,A,,,19,,,,
16-Mar-1991,Chaetodipus penicillatus,N,M,A,,ST,22,,,,
16-Mar-1991,Chaetodipus penicillatus,N,M,A,,ST,29,,,,
16-Mar-1991,Chaetodipus penicillatus,N,F,A,,,41,,,,
16-Mar-1991,Chaetodipus penicillatus,N,M,A, ,,70,,,,
16-Mar-1991,Chaetodipus penicillatus,N,M,A, ,,93,,,,
16-Mar-1991,Chaetodipus penicillatus,N,M,A,,,103,,,,
16-Mar-1991,Chaetodipus penicillatus,N,M,A, ,ST,106,,,,
16-Mar-1991,Chaetodipus penicillatus,N,M,A,,ST,107,Ticks at base of tail.,,,
16-Mar-1991,Chaetodipus penicillatus,N,M,A, ,ST,124,,,,
16-Mar-1991,Chaetodipus penicillatus,Y,,A,,,2,"Pesola scale broken, weights not recorded.",,,
16-Mar-1991,Chaetodipus penicillatus,Y,,A,,,44,,,,
16-Mar-1991,Chaetodipus penicillatus,Y,,A,,,56,,,,
16-Mar-1991,Chaetodipus penicillatus,Y,,A, ,,63,,,,
16-Mar-1991,Chaetodipus penicillatus,Y,,A, ,,79,,,,
16-Mar-1991,Chaetodipus penicillatus,Y,,A, ,,87,,,,
16-Mar-1991,Chaetodipus penicillatus,Y,,A,,,123,,,,
16-Mar-1991,Dipodomys merriami,N,M,A,,ST,18,,,,
16-Mar-1991,Dipodomys merriami,N,M,A, ,,48, ,,,
16-Mar-1991,Dipodomys merriami,N,M,A,,ST,72,,,,
16-Mar-1991,Dipodomys merriami,N,F,A, ,,132,,,,
16-Mar-1991,Dipodomys merriami,Y,,A,,,21,,,,
16-Mar-1991,Dipodomys merriami,Y,,A,,,42,,,,
16-Mar-1991,Dipodomys merriami,Y,M,A,,,43,,,,
16-Mar-1991,Dipodomys merriami,Y,M,A,,ST,55,,,,
16-Mar-1991,Dipodomys merriami,Y,,A, ,,71, ,,,
16-Mar-1991,Dipodomys merriami,Y,,A, ,,77,,,,
16-Mar-1991,Dipodomys merriami,Y,,A,,,91,,,,
16-Mar-1991,Dipodomys merriami,Y,,A, ,,96,,,,
16-Mar-1991,Dipodomys merriami,Y,,A,,,98,,,,
16-Mar-1991,Dipodomys merriami,Y,F,A, ,,119,,,,
16-Mar-1991,Neotoma albigula,N,F,A, ,,94,,,,
16-Mar-1991,Neotoma albigula,N,F,A, ,,108,,,,
16-Mar-1991,Neotoma albigula,Y,,A,,,112,,,,
16-Mar-1991,Perognathus amplus,N,F,A, ,,76,ID tentative -- might be young C. pennicilatus?,,,
16-Mar-1991,Perognathus amplus,N,F,A,,,105,ID tentative -- might be young C. pennicilatus?,,,
16-Mar-1991,Perognathus amplus,N,M,A, ,, ,ID tentative -- might be young C. pennicilatus?,,,
16-Mar-1991,Perognathus amplus,Y,,A,,,121,ID tentative -- might be young C. pennicilatus?,,,
20-Mar-1992,Chaetodipus baileyi,N,M,A,25.0,ST,2,"Warm, sunny; full moon, clear last night.",,,
20-Mar-1992,Chaetodipus baileyi,N,F,A,26.0,,36,,,,
20-Mar-1992,Chaetodipus baileyi,N,M,A,33.0,ST,70,,,,
20-Mar-1992,Chaetodipus baileyi,N,M,A,28.0,ST,75,,,,
20-Mar-1992,Chaetodipus baileyi,N,F,A,26.0,,89,,,,
20-Mar-1992,Chaetodipus baileyi,N,F,A,24.0,,105,,,,
20-Mar-1992,Chaetodipus baileyi,N,F,A,24.0,,112,,,,
20-Mar-1992,Chaetodipus baileyi,N,F,A,25.0,,117,,,,
20-Mar-1992,Chaetodipus baileyi,N,M,A,34.0,ST,126,,,,
20-Mar-1992,Chaetodipus penicillatus,N,,A,14.0,,23,Sex not recorded.,,,
20-Mar-1992,Chaetodipus penicillatus,N,M,A,23.0,,24,,,,
20-Mar-1992,Chaetodipus penicillatus,N,M,A,20.0,ST,35,,,,
20-Mar-1992,Chaetodipus penicillatus,N,M,A,15.0,ST,40,,,,
20-Mar-1992,Chaetodipus penicillatus,N,M,A,21.0,ST,57,,,,
20-Mar-1992,Chaetodipus penicillatus,N,M,A,20.0,ST,69,,,,
20-Mar-1992,Chaetodipus penicillatus,N,M,A,18.0,ST,83,,,,
20-Mar-1992,Chaetodipus penicillatus,N,M,A,15.0,ST,115,,,,
20-Mar-1992,Chaetodipus penicillatus,N,F,A,18.0,,120,,,,
20-Mar-1992,Chaetodipus penicillatus,N,F,A,22.0,,127,,,,
20-Mar-1992,Chaetodipus penicillatus,N,M,A,21.0,ST,129,,,,
20-Mar-1992,Dipodomys merriami,N,F,A,42.0,,1,,,,
20-Mar-1992,Dipodomys merriami,N,M,A,44.0,ST,5,,,,
20-Mar-1992,Dipodomys merriami,N,M,A,43.0,ST,6,,,,
20-Mar-1992,Dipodomys merriami,N,M,A,45.0,ST,7,,,,
20-Mar-1992,Dipodomys merriami,N,M,A,39.0,ST,8,,,,
20-Mar-1992,Dipodomys merriami,N,F,A,42.0, ,17,,,,
20-Mar-1992,Dipodomys merriami,N,M,A,42.0,,19,,,,
20-Mar-1992,Dipodomys merriami,N,F,A,44.0,,21,,,,
20-Mar-1992,Dipodomys merriami,N,F,A,40.0,,29,,,,
20-Mar-1992,Dipodomys merriami,N,F,A,39.0,,41,,,,
20-Mar-1992,Dipodomys merriami,N,F,A,41.0,,46,,,,
20-Mar-1992,Dipodomys merriami,N,M,A,39.0,,54,,,,
20-Mar-1992,Dipodomys merriami,N,F,A,35.0,,56,,,,
20-Mar-1992,Dipodomys merriami,N,F,A,40.0,,59,,,,
20-Mar-1992,Dipodomys merriami,N,F,A,36.0,,65,,,,
20-Mar-1992,Dipodomys merriami,N,F,A,41.0,LACT,67,,,,
20-Mar-1992,Dipodomys merriami,N,M,A,45.0,ST,68,,,,
20-Mar-1992,Dipodomys merriami,N,M,A,40.0,,79,,,,
20-Mar-1992,Dipodomys merriami,N,F,A,42.0,LACT,84,,,,
20-Mar-1992,Dipodomys merriami,N,M,A,41.0,ST,91,,,,
20-Mar-1992,Dipodomys merriami,N,M,J,20.0,,92,,,,
20-Mar-1992,Dipodomys merriami,N,F,A,41.0,,103,,,,
20-Mar-1992,Dipodomys merriami,N,F,A,47.0,,107,,,,
20-Mar-1992,Dipodomys merriami,N,M,A,42.0,ST,122,,,,
20-Mar-1992,Dipodomys merriami,N,F,A,35.0,,130,,,,
20-Mar-1992,Dipodomys merriami,N,F,SA,34.0, ,139,,,,
20-Mar-1992,Dipodomys merriami,N,M,A,39.0,,140,,,,
20-Mar-1992,Dipodomys merriami,N,M,A,43.0,,141,,,,
20-Mar-1992,Dipodomys merriami,N,M,A,38.0,ST,142,,,,
20-Mar-1992,Dipodomys merriami,N,F,A,46.0,,143,,,,
20-Mar-1992,Dipodomys merriami,N,M,A,41.0,ST,144,,,,
20-Mar-1992,Neotoma albigula,N,M,SA,105.0,,124,,,,
20-Mar-1992,Onychomys torridus,N,F,A,19.0,,77,,,,
20-Mar-1992,Perognathus amplus,N,M,A,10.0,ST,108,,,,
20-Mar-1992,Perognathus amplus,N,M,A,9.0,,110,,,,
20-Mar-1992,Sylvilagus auduboni,N,,J,,,119,Young desert cottontail rabbit! (released).,,,
21-Mar-1992,Chaetodipus baileyi,N,F,A,34.0,,19,,,,
21-Mar-1992,Chaetodipus baileyi,N,M,A,26.0,ST,60,,,,
21-Mar-1992,Chaetodipus baileyi,N,F,A,24.0,,70,,,,
21-Mar-1992,Chaetodipus baileyi,N,M,A,39.0,ST,71,,,,
21-Mar-1992,Chaetodipus baileyi,N,M,A,27.0,,138,,,,
21-Mar-1992,Chaetodipus baileyi,Y,,,,,2,,,,
21-Mar-1992,Chaetodipus baileyi,Y,,,,,24,,,,
21-Mar-1992,Chaetodipus baileyi,Y,,,,,103,,,,
21-Mar-1992,Chaetodipus baileyi,Y,,,,,106,,,,
21-Mar-1992,Chaetodipus baileyi,Y,,,,,112,,,,
21-Mar-1992,Chaetodipus baileyi,Y,,,,,113,,,,
21-Mar-1992,Chaetodipus baileyi,Y,,,,,115,,,,
21-Mar-1992,Chaetodipus penicillatus,N,F,A,15.0,,5,,,,
21-Mar-1992,Chaetodipus penicillatus,N,F,SA,12.0,,7,,,,
21-Mar-1992,Chaetodipus penicillatus,N,M,A,17.0,ST,12,,,,
21-Mar-1992,Chaetodipus penicillatus,N,M,A,20.0,ST,22,,,,
21-Mar-1992,Chaetodipus penicillatus,N,M,A,17.0,ST,23,,,,
21-Mar-1992,Chaetodipus penicillatus,N,M,A,15.0,ST,40,,,,
21-Mar-1992,Chaetodipus penicillatus,N,M,A,19.0,ST,55,,,,
21-Mar-1992,Chaetodipus penicillatus,N,F,A,16.0,,58,,,,
21-Mar-1992,Chaetodipus penicillatus,N,M,A,19.0,ST,59,,,,
21-Mar-1992,Chaetodipus penicillatus,N,F,A,13.0,,81,,,,
21-Mar-1992,Chaetodipus penicillatus,N,F,A,20.0,,84,,,,
21-Mar-1992,Chaetodipus penicillatus,N,M,A,17.0,ST,92,,,,
21-Mar-1992,Chaetodipus penicillatus,N,M,A,18.0,ST,95,,,,
21-Mar-1992,Chaetodipus penicillatus,N,M,A,15.0,ST,118,,,,
21-Mar-1992,Chaetodipus penicillatus,N,M,A,20.0,ST,119,,,,
21-Mar-1992,Chaetodipus penicillatus,N,M,SA,12.0,,127,,,,
21-Mar-1992,Chaetodipus penicillatus,N,M,A,21.0,ST,131,,,,
21-Mar-1992,Chaetodipus penicillatus,N,M,A,20.0,ST,132,,,,
21-Mar-1992,Chaetodipus penicillatus,Y,,,,,39,,,,
21-Mar-1992,Chaetodipus penicillatus,Y,,,,,83,,,,
21-Mar-1992,Dipodomys merriami,N,M,A,43.0,ST,11,,,,
21-Mar-1992,Dipodomys merriami,N,F,A,39.0,,35,,,,
21-Mar-1992,Dipodomys merriami,N,M,A,45.0,ST,69,,,,
21-Mar-1992,Dipodomys merriami,N,F,A,40.0,,72,,,,
21-Mar-1992,Dipodomys merriami,N,F,A,40.0,,94,,,,
21-Mar-1992,Dipodomys merriami,N,F,A,39.0,,120,,,,
21-Mar-1992,Dipodomys merriami,N,F,A,39.0,,132,,,,
21-Mar-1992,Dipodomys merriami,Y,,,,,6,,,,
21-Mar-1992,Dipodomys merriami,Y,,,,,9,"Clear, warm day; clear, moonlit sky last night.",,,
21-Mar-1992,Dipodomys merriami,Y,,,,,17,,,,
21-Mar-1992,Dipodomys merriami,Y,,,,,18,,,,
21-Mar-1992,Dipodomys merriami,Y,,,,,20,,,,
21-Mar-1992,Dipodomys merriami,Y,,,,,52,,,,
21-Mar-1992,Dipodomys merriami,Y,,,,,53,,,,
21-Mar-1992,Dipodomys merriami,Y,,,,,67,,,,
21-Mar-1992,Dipodomys merriami,Y,,,,,79,,,,
21-Mar-1992,Dipodomys merriami,Y,,,,,98,,,,
21-Mar-1992,Dipodomys merriami,Y,,,,,130,,,,
21-Mar-1992,Dipodomys merriami,Y,,,,,141,,,,
21-Mar-1992,Dipodomys merriami,Y,, ,,,142,,,,
21-Mar-1992,Dipodomys merriami,Y,,,,,,Trap # not recorded.,,,
21-Mar-1992,Onychomys torridus,Y,,,,,74,,,,
21-Mar-1992,Perognathus amplus,Y,,,,,66,,,,
19-Mar-1993,Chaetodipus baileyi,N,M,A,36.0,,7,,,,
19-Mar-1993,Chaetodipus baileyi,N,,A,38.0,,9,,,,
19-Mar-1993,Chaetodipus baileyi,N,F,A,25.0,,33,,,,
19-Mar-1993,Chaetodipus baileyi,N,M,A,32.0,ST,43,,,,
19-Mar-1993,Chaetodipus baileyi,N,M,A,42.0,,45,,,,
19-Mar-1993,Chaetodipus baileyi,N,M,A,32.0,,72,,,,
19-Mar-1993,Chaetodipus baileyi,N,M,A,26.0,ST,76,,,,
19-Mar-1993,Chaetodipus baileyi,N,M,A,32.0,,82,,,,
19-Mar-1993,Chaetodipus baileyi,N,M,A,36.0,ST,102,,,,
19-Mar-1993,Chaetodipus baileyi,N,M,A,28.0,,119,,,,
19-Mar-1993,Chaetodipus baileyi,N,F,A,29.0,,126,,,,
19-Mar-1993,Chaetodipus baileyi,N,M,A,32.0,ST,128,,,,
19-Mar-1993,Chaetodipus baileyi,N,M,A,35.0,ST,135,,,,
19-Mar-1993,Chaetodipus baileyi,N,F,A,25.0,,141,,,,
19-Mar-1993,Chaetodipus penicillatus,N,M,A,18.0,ST,35,,,,
19-Mar-1993,Chaetodipus penicillatus,N,M,A,23.0,ST,37,,,,
19-Mar-1993,Chaetodipus penicillatus,N,M,A,19.0,ST,39,,,,
19-Mar-1993,Chaetodipus penicillatus,N,M,A,17.0,ST,42,,,,
19-Mar-1993,Chaetodipus penicillatus,N,M,A,22.0,,48,,,,
19-Mar-1993,Chaetodipus penicillatus,N,M,SA,12.0,,64,,,,
19-Mar-1993,Chaetodipus penicillatus,N,M,A,23.0,,71,,,,
19-Mar-1993,Chaetodipus penicillatus,N,,A,21.0,,105,Sex not recorded.,,,
19-Mar-1993,Chaetodipus penicillatus,N,F,A,20.0,,123,,,,
19-Mar-1993,Dipodomys merriami,N,F,A,37.0,,6,,,,
19-Mar-1993,Dipodomys merriami,N,M,A,42.0,ST,8,,,,
19-Mar-1993,Dipodomys merriami,N,F,A,37.0,,20,,,,
19-Mar-1993,Dipodomys merriami,N,F,A,39.0,,27,,,,
19-Mar-1993,Dipodomys merriami,N,M,A,36.0,,41,,,,
19-Mar-1993,Dipodomys merriami,N,M,A,37.0,ST,52,,,,
19-Mar-1993,Dipodomys merriami,N,M,A,37.0,ST,53,,,,
19-Mar-1993,Dipodomys merriami,N,F,A,38.0,,54,,,,
19-Mar-1993,Dipodomys merriami,N,F,J,21.0,,55,,,,
19-Mar-1993,Dipodomys merriami,N,M,A,42.0,ST,57,,,,
19-Mar-1993,Dipodomys merriami,N,F,A,38.0,,60,,,,
19-Mar-1993,Dipodomys merriami,N,M,A,37.0,,67,,,,
19-Mar-1993,Dipodomys merriami,N,F,A,36.0,,77,,,,
19-Mar-1993,Dipodomys merriami,N,M,A,38.0,ST,80,,,,
19-Mar-1993,Dipodomys merriami,N,F,A,48.0,,89,,,,
19-Mar-1993,Dipodomys merriami,N,M,A,45.0,ST,90,,,,
19-Mar-1993,Dipodomys merriami,N,M,A,41.0,ST,107,,,,
19-Mar-1993,Dipodomys merriami,N,M,SA,34.0,,116,,,,
19-Mar-1993,Dipodomys merriami,N,M,A,40.0,ST,122,,,,
19-Mar-1993,Dipodomys merriami,N,F,A,39.0,,131,,,,
19-Mar-1993,Dipodomys merriami,N,M,A,40.0,ST,136,,,,
19-Mar-1993,Dipodomys merriami,N,M,A,41.0,ST,138,,,,
19-Mar-1993,Dipodomys merriami,N,M,A,42.0,ST,142,,,,
19-Mar-1993,Neotoma albigula,N,F,A,172.0,,12,,,,
19-Mar-1993,Neotoma albigula,N,F,A,182.0,LACT,22,,,,
19-Mar-1993,Neotoma albigula,N,M,A,170.0,,44,,,,
19-Mar-1993,Neotoma albigula,N,F,SA,118.0,,47,,,,
19-Mar-1993,Neotoma albigula,N,F,A,200.0,PREG,70,,,,
19-Mar-1993,Neotoma albigula,N,F,A,160.0,,114,,,,
19-Mar-1993,Perognathus amplus,N,M,A,12.0,,28,,,,
19-Mar-1993,Perognathus amplus,N,F,A,12.0,,32,,,,
19-Mar-1993,Perognathus amplus,N,F,A,13.0,,127,,,,
19-Mar-1993,Perognathus amplus,N,M,A,14.0,ST,130,May be a juvenile Chaetodipus pennicilatus?,,,
19-Mar-1993,Peromyscus eremicus,N,F,A,26.0,PREG,16,,,,
20-Mar-1993,Chaetodipus baileyi,N,M,A,26.0,ST,33,,,,
20-Mar-1993,Chaetodipus baileyi,N,M,A,28.0,ST,69,,,,
20-Mar-1993,Chaetodipus baileyi,N,F,A,24.0,,82,,,,
20-Mar-1993,Chaetodipus baileyi,N,M,A,36.0,ST,83,,,,
20-Mar-1993,Chaetodipus baileyi,N,F,A,26.0,,89,,,,
20-Mar-1993,Chaetodipus baileyi,N,M,A,27.0,,139,,,,
20-Mar-1993,Chaetodipus baileyi,N,M,A,31.0,ST,143,,,,
20-Mar-1993,Chaetodipus baileyi,N,M,A,45.0,ST,144,,,,
20-Mar-1993,Chaetodipus baileyi,Y,M,A,33.0,,7,,,,
20-Mar-1993,Chaetodipus baileyi,Y,M,A,36.0,ST,9,,,,
20-Mar-1993,Chaetodipus baileyi,Y,M,A,24.0,ST,40,,,,
20-Mar-1993,Chaetodipus baileyi,Y,M,A,34.0,,101,,,,
20-Mar-1993,Chaetodipus baileyi,Y,M,A,36.0,ST,102,,,,
20-Mar-1993,Chaetodipus baileyi,Y,F,A,28.0,,117,,,,
20-Mar-1993,Chaetodipus baileyi,Y,M,A,31.0,ST,126,,,,
20-Mar-1993,Chaetodipus penicillatus,N,F,A,22.0,,10,,,,
20-Mar-1993,Chaetodipus penicillatus,N,F,A,16.0,,46,,,,
20-Mar-1993,Chaetodipus penicillatus,N,F,A,19.0,,47,,,,
20-Mar-1993,Chaetodipus penicillatus,N,M,A,22.0,ST,95,,,,
20-Mar-1993,Chaetodipus penicillatus,N,F,A,21.0,,128,,,,
20-Mar-1993,Chaetodipus penicillatus,N,F,A,22.0,,131,,,,
20-Mar-1993,Chaetodipus penicillatus,Y,M,A,18.0,,42,,,,
20-Mar-1993,Chaetodipus penicillatus,Y,M,A,17.0,ST,43,,,,
20-Mar-1993,Chaetodipus penicillatus,Y,M,A,20.0,,104,,,,
20-Mar-1993,Dipodomys merriami,N,M,A,42.0,ST,5,,,,
20-Mar-1993,Dipodomys merriami,N,M,A,43.0,ST,55,,,,
20-Mar-1993,Dipodomys merriami,N,M,A,37.0,ST,67,,,,
20-Mar-1993,Dipodomys merriami,N,M,A,40.0,ST,91,,,,
20-Mar-1993,Dipodomys merriami,N,F,SA,32.0,,92,,,,
20-Mar-1993,Dipodomys merriami,N,F,A,45.0,,96,,,,
20-Mar-1993,Dipodomys merriami,N,F,A,39.0,,107,,,,
20-Mar-1993,Dipodomys merriami,N,F,A,40.0,,140,,,,
20-Mar-1993,Dipodomys merriami,Y,M,A,39.0,ST,4,,,,
20-Mar-1993,Dipodomys merriami,Y,M,A,35.0,,41,,,,
20-Mar-1993,Dipodomys merriami,Y,M,A,35.0,ST,48,,,,
20-Mar-1993,Dipodomys merriami,Y,F,A,35.0,,53,,,,
20-Mar-1993,Dipodomys merriami,Y,M,SA,33.0,,54,,,,
20-Mar-1993,Dipodomys merriami,Y,F,A,40.0,,60,,,,
20-Mar-1993,Dipodomys merriami,Y,M,A,37.0,,65,,,,
20-Mar-1993,Dipodomys merriami,Y,M,A,36.0,ST,68,,,,
20-Mar-1993,Dipodomys merriami,Y,F,J,22.0,,72,,,,
20-Mar-1993,Dipodomys merriami,Y,F,SA,32.0,,77,,,,
20-Mar-1993,Dipodomys merriami,Y,M,A,41.0,ST,106,,,,
20-Mar-1993,Dipodomys merriami,Y,F,SA,33.0,,118,,,,
20-Mar-1993,Dipodomys merriami,Y,M,A,38.0,,122,,,,
20-Mar-1993,Dipodomys merriami,Y,M,A,39.0,ST,127,,,,
20-Mar-1993,Dipodomys merriami,Y,F,A,39.0,,129,,,,
20-Mar-1993,Dipodomys merriami,Y,F,A,38.0,,138,,,,
20-Mar-1993,Neotoma albigula,N,M,A,216.0,ST,12,,,,
20-Mar-1993,Neotoma albigula,N,F,A,157.0,,22,,,,
20-Mar-1993,Neotoma albigula,N,M,A,261.0,ST,23,,,,
20-Mar-1993,Neotoma albigula,N,M,A,204.0,ST,36,,,,
20-Mar-1993,Neotoma albigula,N,M,A,222.0,,66,,,,
20-Mar-1993,Neotoma albigula,N,F,SA,108.0,,81,,,,
20-Mar-1993,Neotoma albigula,N,M,A,212.0,ST,86,,,,
20-Mar-1993,Neotoma albigula,N,M,SA,146.0,,93,,,,
20-Mar-1993,Neotoma albigula,N,M,SA,110.0,,123,,,,
20-Mar-1993,Neotoma albigula,N,F,SA,136.0,,130,,,,
20-Mar-1993,Neotoma albigula,N,M,A,239.0,ST,141,,,,
20-Mar-1993,Neotoma albigula,N,F,SA,140.0,,142,,,,
20-Mar-1993,Neotoma albigula,Y,F,SA,109.0,,44,,,,
20-Mar-1993,Neotoma albigula,Y,F,A,166.0,,120,,,,
20-Mar-1993,Onychomys torridus,N,F,A,25.0,,80,,,,
20-Mar-1993,Onychomys torridus,N,F,A,24.0,,116,,,,
20-Mar-1993,Perognathus amplus,N,M,A,14.0,ST,8,,,,
20-Mar-1993,Perognathus amplus,N,M,A,13.0,ST,57,,,,
20-Mar-1993,Perognathus amplus,N,,A,,,97,Escaped while being processed.,,,
20-Mar-1993,Perognathus amplus,Y,M,A,13.0,ST,52,,,,
20-Mar-1993,Perognathus amplus,Y,M,A,15.0,ST,103,May be a small Chaetodipus pennicilatus?,,,
20-Mar-1993,Peromyscus eremicus,N, ,J,8.0,,34,Sex not recorded; very small juvenile (can't tell sex).,,,
20-Mar-1993,Peromyscus eremicus,N,M,A,18.0,ST,39,,,,
20-Mar-1993,Peromyscus eremicus,N,M,A,18.0,,84,,,,
20-Mar-1993,Peromyscus eremicus,Y,F,A,23.0,,28,,,,
18-Mar-1994,Chaetodipus baileyi,N,M,A,27.5,ST,4,,,,
18-Mar-1994,Chaetodipus baileyi,N,M,A,27.0,,6,,,,
18-Mar-1994,Chaetodipus baileyi,N,F,A,23.5,,9,,,,
18-Mar-1994,Chaetodipus baileyi,N,F,A,24.5,,12,,,,
18-Mar-1994,Chaetodipus baileyi,N,M,A,43.5,ST,20,,,,
18-Mar-1994,Chaetodipus baileyi,N,F,A,23.0,,24,,,,
18-Mar-1994,Chaetodipus baileyi,N,M,A,33.0,,30,,,,
18-Mar-1994,Chaetodipus baileyi,N,M,A,38.0,,45,,,,
18-Mar-1994,Chaetodipus baileyi,N,M,A,25.5,ST,47,,,,
18-Mar-1994,Chaetodipus baileyi,N,M,A,24.0,ST,54,,,,
18-Mar-1994,Chaetodipus baileyi,N,M,A,34.5,ST,58,,,,
18-Mar-1994,Chaetodipus baileyi,N,F,A,23.0,,65,,,,
18-Mar-1994,Chaetodipus baileyi,N,M,A,33.0,,81,,,,
18-Mar-1994,Chaetodipus baileyi,N,F,A,25.0,,82,,,,
18-Mar-1994,Chaetodipus baileyi,N,M,A,32.0,,94,,,,
18-Mar-1994,Chaetodipus baileyi,N,F,A,26.0,,97,,,,
18-Mar-1994,Chaetodipus baileyi,N,M,A,31.0,,106,,,,
18-Mar-1994,Chaetodipus baileyi,N,M,A,29.0,,107,,,,
18-Mar-1994,Chaetodipus baileyi,N,M,A,39.0,ST,111,,,,
18-Mar-1994,Chaetodipus baileyi,N,M,A,25.5,ST,114,,,,
18-Mar-1994,Chaetodipus baileyi,N,M,A,43.0,,116,,,,
18-Mar-1994,Chaetodipus baileyi,N,M,A,26.0,,125,,,,
18-Mar-1994,Chaetodipus baileyi,N,M,A,37.0,,129,,,,
18-Mar-1994,Chaetodipus baileyi,N,F,A,24.0,,141,,,,
18-Mar-1994,Chaetodipus baileyi,N,M,A,32.0,,144,,,,
18-Mar-1994,Chaetodipus penicillatus,N,F,A,19.5,,46,,,,
18-Mar-1994,Chaetodipus penicillatus,N,M,J,13.0,,131,,,,
18-Mar-1994,Dipodomys merriami,N,F,A,44.0,,8,,,,
18-Mar-1994,Dipodomys merriami,N,F,A,39.0,,18,,,,
18-Mar-1994,Dipodomys merriami,N,M,A,41.0,,21,,,,
18-Mar-1994,Dipodomys merriami,N,F,A,36.0,,34,,,,
18-Mar-1994,Dipodomys merriami,N,M,A,42.0,ST,43,,,,
18-Mar-1994,Dipodomys merriami,N,F,SA,34.0,,49,,,,
18-Mar-1994,Dipodomys merriami,N,M,A,37.0,ST,56,,,,
18-Mar-1994,Dipodomys merriami,N,M,A,42.0,ST,67,,,,
18-Mar-1994,Dipodomys merriami,N,M,A,37.0,,71,,,,
18-Mar-1994,Dipodomys merriami,N,F,A,37.5,,83,,,,
18-Mar-1994,Dipodomys merriami,N,M,A,41.0,ST,95,,,,
18-Mar-1994,Dipodomys merriami,N,F,SA,34.0,,103,,,,
18-Mar-1994,Dipodomys merriami,N,F,A,39.0,,105,,,,
18-Mar-1994,Dipodomys merriami,N,F,A,38.0,,120,,,,
18-Mar-1994,Dipodomys merriami,N,M,A,38.0,,126,,,,
18-Mar-1994,Dipodomys merriami,N,M,A,42.0,,127,,,,
18-Mar-1994,Dipodomys merriami,N,F,A,37.5,,128,,,,
18-Mar-1994,Dipodomys merriami,N,M,A,39.0,ST,132,,,,
18-Mar-1994,Dipodomys merriami,N,F,A,35.0,,137,,,,
18-Mar-1994,Dipodomys merriami,N,F,A,40.0,,142,,,,
18-Mar-1994,Neotoma albigula,N,F,A,153.0,,11,,,,
18-Mar-1994,Neotoma albigula,N,F,A,202.0,,23,,,,
18-Mar-1994,Neotoma albigula,N,F,A,172.0,,32,,,,
18-Mar-1994,Neotoma albigula,N,F,A,163.0,,44,,,,
18-Mar-1994,Neotoma albigula,N,M,J,78.0,,60,,,,
18-Mar-1994,Neotoma albigula,N,F,SA,130.0,,69,,,,
18-Mar-1994,Neotoma albigula,N,,A,,,75,Escaped while processing.,,,
18-Mar-1994,Neotoma albigula,N,M,A,,,108,Escaped while weighing.,,,
18-Mar-1994,Neotoma albigula,N,F,A,190.0,,130,,,,
19-Mar-1994,Chaetodipus baileyi,N,F,A,28.0,,23,,,,
19-Mar-1994,Chaetodipus baileyi,N,F,A,23.0,,36,,,,
19-Mar-1994,Chaetodipus baileyi,N,F,A,28.0,,45,,,,
19-Mar-1994,Chaetodipus baileyi,N,M,A,38.0,ST,63,,,,
19-Mar-1994,Chaetodipus baileyi,N,F,A,24.0,,84,,,,
19-Mar-1994,Chaetodipus baileyi,N,F,A,23.0,,94,,,,
19-Mar-1994,Chaetodipus baileyi,N,M,A,26.5,,127,,,,
19-Mar-1994,Chaetodipus baileyi,N,M,A,42.0,,131,,,,
19-Mar-1994,Chaetodipus baileyi,N,M,A,40.0,ST,143,,,,
19-Mar-1994,Chaetodipus baileyi,Y,M,A,26.5,,6,,,,
19-Mar-1994,Chaetodipus baileyi,Y,F,A,24.5,,9,,,,
19-Mar-1994,Chaetodipus baileyi,Y,M,A,42.5,ST,18,,,,
19-Mar-1994,Chaetodipus baileyi,Y,M,A,37.0,,42,,,,
19-Mar-1994,Chaetodipus baileyi,Y,M,A,26.0,ST,47,,,,
19-Mar-1994,Chaetodipus baileyi,Y,F,A,26.0,,61,,,,
19-Mar-1994,Chaetodipus baileyi,Y,M,A,23.0,ST,65,,,,
19-Mar-1994,Chaetodipus baileyi,Y,M,A,40.0,ST,98,,,,
19-Mar-1994,Chaetodipus baileyi,Y,M,A,30.5,,107,,,,
19-Mar-1994,Chaetodipus baileyi,Y,M,A,,,125,,,,
19-Mar-1994,Chaetodipus baileyi,Y,M,A,37.0,ST,129,,,,
19-Mar-1994,Chaetodipus baileyi,Y,F,A,24.5,,141,,,,
19-Mar-1994,Chaetodipus penicillatus,N,F,A,20.5,,34,,,,
19-Mar-1994,Chaetodipus penicillatus,N,F,A,20.0,,67,,,,
19-Mar-1994,Chaetodipus penicillatus,N,F,A,22.5,,91,,,,
19-Mar-1994,Chaetodipus penicillatus,N,F,A,18.0,,132,,,,
19-Mar-1994,Dipodomys merriami,N,M,A,41.0,ST,95,,,,
19-Mar-1994,Dipodomys merriami,Y,F,A,,,17,,,,
19-Mar-1994,Dipodomys merriami,Y,F,A,,,35,,,,
19-Mar-1994,Dipodomys merriami,Y,M,A,,,108,,,,
19-Mar-1994,Dipodomys merriami,Y,F,A,,,119,,,,
19-Mar-1994,Dipodomys merriami,Y,F,A,,,138,,,,
19-Mar-1994,Neotoma albigula,N,M,J,85.0,,10,,,,
19-Mar-1994,Neotoma albigula,N,F,A,159.0,,66,,,,
19-Mar-1994,Neotoma albigula,N,M,SA,142.0,,96,,,,
17-Mar-1995,Chaetodipus baileyi,N,M,A,38.0,ST,28,,,,
17-Mar-1995,Chaetodipus baileyi,N,M,A,26.0,ST,91,,,,
17-Mar-1995,Chaetodipus baileyi,N,F,A,24.0,,131,,,,
17-Mar-1995,Chaetodipus penicillatus,N,F,A,21.0,,47,,,,
17-Mar-1995,Chaetodipus penicillatus,N,M,A,21.0,ST,67,,,,
17-Mar-1995,Chaetodipus penicillatus,N,M,A,22.0,ST,82,,,,
17-Mar-1995,Chaetodipus penicillatus,N,M,A,19.0,ST,90,,,,
17-Mar-1995,Chaetodipus penicillatus,N,F,A,20.5,,92,,,,
17-Mar-1995,Chaetodipus penicillatus,N,M,A,16.0,ST,114,,,,
17-Mar-1995,Dipodomys merriami,N,M,A,43.0,ST,19,,,,
17-Mar-1995,Dipodomys merriami,N,F,A,41.0,,72,,,,
17-Mar-1995,Dipodomys merriami,N,F,A,44.0,,102,,,,
17-Mar-1995,Dipodomys merriami,N,M,A,38.0,ST,104,,,,
17-Mar-1995,Dipodomys merriami,N,M,A,41.0,ST,108,,,,
17-Mar-1995,Dipodomys merriami,N,F,A,41.0,,138,,,,
17-Mar-1995,Dipodomys merriami,N,M,A,46.0,ST,141,,,,
17-Mar-1995,Neotoma albigula,N,F,A,238.0,,12,,,,
17-Mar-1995,Neotoma albigula,N,F,A,157.0,,71,,,,
17-Mar-1995,Neotoma albigula,N,F,A,167.0,,78,,,,
18-Mar-1995,Chaetodipus baileyi,N,F,A,29.0,,57,,,,
18-Mar-1995,Chaetodipus baileyi,N,M,A,28.0,ST,71,,,,
18-Mar-1995,Chaetodipus baileyi,N,F,A,23.0,,89,,,,
18-Mar-1995,Chaetodipus baileyi,N,M,A,35.0,,107,,,,
18-Mar-1995,Chaetodipus baileyi,N,M,A,25.0,ST,130,,,,
18-Mar-1995,Chaetodipus baileyi,N,F,A,42.0,,131,,,,
18-Mar-1995,Chaetodipus penicillatus,N,M,A,16.0,,53,,,,
18-Mar-1995,Chaetodipus penicillatus,N,M,A,21.0,,54,,,,
18-Mar-1995,Chaetodipus penicillatus,N,F,A,22.0,,116,,,,
18-Mar-1995,Chaetodipus penicillatus,N,M,A,14.0,,117,,,,
18-Mar-1995,Chaetodipus penicillatus,N,M,A,14.0,ST,126,,,,
18-Mar-1995,Chaetodipus penicillatus,N,F,A,22.0,,128,,,,
18-Mar-1995,Chaetodipus penicillatus,Y,M,A,22.0,ST,83,,,,
18-Mar-1995,Chaetodipus penicillatus,Y,M,A,18.0,ST,90,,,,
18-Mar-1995,Chaetodipus penicillatus,Y,F,A,21.0,,91,,,,
18-Mar-1995,Dipodomys merriami,N,F,A,45.0,,8,,,,
18-Mar-1995,Dipodomys merriami,N,M,A,41.0,ST,84,,,,
18-Mar-1995,Dipodomys merriami,N,F,A,43.0,,132,,,,
18-Mar-1995,Dipodomys merriami,N,F,A,39.0,,142,,,,
18-Mar-1995,Dipodomys merriami,Y,M,A,38.0,ST,104,,,,
18-Mar-1995,Neotoma albigula,N,M,J,88.0,,23,,,,
18-Mar-1995,Neotoma albigula,N,M,A,261.0,ST,86,,,,
18-Mar-1995,Neotoma albigula,N,F,A,196.0,,144,,,,
18-Mar-1995,Neotoma albigula,Y,F,A,208.0,,12,,,,
18-Mar-1995,Neotoma albigula,Y,F,A,172.0,,65,,,,
18-Mar-1995,Neotoma albigula,Y,F,A,158.0,,70,,,,
15-Mar-1996,Ammospermophilus harrisii,N,F,A,115.0, ,82,,,,
15-Mar-1996,Chaetodipus baileyi,N,M,A,40.0,,18,,,,
15-Mar-1996,Chaetodipus baileyi,N,M,A,36.0,,19,,,,
15-Mar-1996,Chaetodipus baileyi,N,F,A,27.0,,22,,,,
15-Mar-1996,Chaetodipus baileyi,N,M,A,32.0,,59,,,,
15-Mar-1996,Chaetodipus baileyi,N,M,A,35.0,ST,77,,,,
15-Mar-1996,Chaetodipus baileyi,N,M,A,30.0,,92,,,,
15-Mar-1996,Chaetodipus baileyi,N,M,A,37.5,,94,,,,
15-Mar-1996,Chaetodipus baileyi,N,F,A,26.0,,124,,,,
15-Mar-1996,Chaetodipus baileyi,N,M,A,26.0,,140,,,,
15-Mar-1996,Chaetodipus penicillatus,N,M,A,19.0,,93,,,,
15-Mar-1996,Chaetodipus penicillatus,N,M,A,19.0,,107,,,,
15-Mar-1996,Dipodomys merriami,N,M,SA,30.5,,5,,,,
15-Mar-1996,Dipodomys merriami,N,M,A,45.0,,32,,,,
15-Mar-1996,Dipodomys merriami,N,F,SA,33.0,,84,,,,
15-Mar-1996,Dipodomys merriami,N,M,A,46.0,ST,129,,,,
15-Mar-1996,Dipodomys merriami,N,F,A,49.0,LACT,130,,,,
15-Mar-1996,Neotoma albigula,N,F,A,151.0,,91,,,,
16-Mar-1996,Chaetodipus baileyi,N,F,A,31.0,,12,,,,
16-Mar-1996,Chaetodipus baileyi,N,M,A,36.0,,46,,,,
16-Mar-1996,Chaetodipus baileyi,N,M,A,37.0,,66,,,,
16-Mar-1996,Chaetodipus baileyi,N,M,A,27.0,,107,,,,
16-Mar-1996,Chaetodipus baileyi,N,F,A,24.5,,139,,,,
16-Mar-1996,Chaetodipus baileyi,N,F,A,29.0,,143,,,,
16-Mar-1996,Chaetodipus baileyi,Y,M,A,35.0,,9,,,,
16-Mar-1996,Chaetodipus baileyi,Y,F,A,26.0,,124,,,,
16-Mar-1996,Chaetodipus penicillatus,N,F,A,22.0,,23,,,,
16-Mar-1996,Chaetodipus penicillatus,N,M,A,19.0,,72,,,,
16-Mar-1996,Chaetodipus penicillatus,N,M,A,19.0,,91,,,,
16-Mar-1996,Chaetodipus penicillatus,N,M,A,20.0,,103,,,,
16-Mar-1996,Chaetodipus penicillatus,Y,,A,20.0,,106,Sex not recorded.,,,
16-Mar-1996,Dipodomys merriami,N,M,A,49.0,ST,142,,,,
16-Mar-1996,Neotoma albigula,N,M,A,242.0,,48,,,,
16-Mar-1996,Neotoma albigula,N,F,A,181.0,,56,,,,
16-Mar-1996,Neotoma albigula,N,F,A,173.0,,81,,,,
16-Mar-1996,Neotoma albigula,N,F,SA,143.0,,82,,,,
16-Mar-1996,Neotoma albigula,N,F,A,193.0,,130,,,,
21-Mar-1997,Ammospermophilus harrisii,N,M,A,114.0,ST,24,,,,
21-Mar-1997,Chaetodipus baileyi,N,M,A,24.0,ST,47,,,,
21-Mar-1997,Chaetodipus baileyi,N,F,A,26.0,,52,,,,
21-Mar-1997,Chaetodipus baileyi,N,M,A,31.0,ST,84,,,,
21-Mar-1997,Chaetodipus baileyi,N,M,A,30.0,ST,107,,,,
21-Mar-1997,Chaetodipus penicillatus,N,M,A,15.0,,78,,,,
21-Mar-1997,Chaetodipus penicillatus,N,M,A,15.0,ST,95,,,,
21-Mar-1997,Chaetodipus penicillatus,N,M,A,16.0,,97,,,,
21-Mar-1997,Dipodomys merriami,N,M,SA,34.0,ST,17,,,,
21-Mar-1997,Dipodomys merriami,N,M,A,42.0,,20,,,,
21-Mar-1997,Dipodomys merriami,N,M,A,40.0,ST,32,,,,
21-Mar-1997,Dipodomys merriami,N,F,A,36.0,,37,,,,
21-Mar-1997,Dipodomys merriami,N,F,A,38.0,,56,,,,
21-Mar-1997,Dipodomys merriami,N,F,SA,33.0,,104,,,,
21-Mar-1997,Dipodomys merriami,N,M,A,41.0,ST,112,,,,
21-Mar-1997,Dipodomys merriami,N,M,A,45.0,ST,132,,,,
21-Mar-1997,Dipodomys merriami,N,F,A,48.0,,144,,,,
21-Mar-1997,Neotoma albigula,N,F,SA,145.0,,50,,,,
22-Mar-1997,Chaetodipus baileyi,N,M,A,24.0,,10,,,,
22-Mar-1997,Chaetodipus baileyi,N,M,A,39.0,,36,,,,
22-Mar-1997,Chaetodipus baileyi,N,M,A,31.0,,54,,,,
22-Mar-1997,Chaetodipus baileyi,N,M,A,30.0,ST,84,,,,
22-Mar-1997,Chaetodipus baileyi,N,M,A,26.0,,102,,,,
22-Mar-1997,Chaetodipus baileyi,N,M,A,33.0,,120,,,,
22-Mar-1997,Chaetodipus baileyi,N,M,A,23.0,,123,,,,
22-Mar-1997,Chaetodipus baileyi,N,F,A,25.0,,124,,,,
22-Mar-1997,Chaetodipus baileyi,N,M,A,28.0,,128,,,,
22-Mar-1997,Chaetodipus baileyi,Y,M,A,32.0,,52,,,,
22-Mar-1997,Chaetodipus baileyi,Y,M,A,29.0,,107,,,,
22-Mar-1997,Chaetodipus penicillatus,N,F,A,22.0,,30,,,,
22-Mar-1997,Chaetodipus penicillatus,N,M,A,17.0,,79,,,,
22-Mar-1997,Chaetodipus penicillatus,N,F,SA,12.0,,82,,,,
22-Mar-1997,Chaetodipus penicillatus,N,M,A,17.0,,117,,,,
22-Mar-1997,Chaetodipus penicillatus,N,M,A,18.0,,142,,,,
22-Mar-1997,Chaetodipus penicillatus,Y,M,A,22.0,,47,,,,
22-Mar-1997,Dipodomys merriami,N,F,A,35.0,,131,,,,
22-Mar-1997,Dipodomys merriami,N,F,A,40.0,,137,,,,
22-Mar-1997,Dipodomys merriami,Y,M,SA,33.0,,17,,,,
22-Mar-1997,Dipodomys merriami,Y,F,A,37.0,,57,,,,
22-Mar-1997,Dipodomys merriami,Y,F,A,35.0,,58,,,,
22-Mar-1997,Dipodomys merriami,Y,M,A,44.0,ST,132,,,,
22-Mar-1997,Neotoma albigula,N,M,A,224.0,ST,23,,,,
22-Mar-1997,Neotoma albigula,N,F,A,177.0,,96,,,,
22-Mar-1997,Neotoma albigula,Y,,A,177.0,,86,,,,
20-Mar-1998,Chaetodipus baileyi,N,M,A,33.0,,11,,,,
20-Mar-1998,Chaetodipus baileyi,N,F,A,27.0,,12,,,,
20-Mar-1998,Chaetodipus baileyi,N,M,A,35.0,ST,14,,,,
20-Mar-1998,Chaetodipus baileyi,N,M,A,25.5,ST,24,,,,
20-Mar-1998,Chaetodipus baileyi,N,M,A,31.0,ST,70,,,,
20-Mar-1998,Chaetodipus baileyi,N,M,A,28.0,,95,,,,
20-Mar-1998,Chaetodipus baileyi,N,F,A,25.0,,106,,,,
20-Mar-1998,Chaetodipus baileyi,N,M,A,40.5,ST,123,,,,
20-Mar-1998,Chaetodipus penicillatus,N,M,A,15.0,,22,,,,
20-Mar-1998,Chaetodipus penicillatus,N,M,A,18.0,,74,,,,
20-Mar-1998,Chaetodipus penicillatus,N,M,A,23.0,,81,,,,
20-Mar-1998,Chaetodipus penicillatus,N,M,A,14.5,ST,103,,,,
20-Mar-1998,Chaetodipus penicillatus,N,F,A,21.0,,124,,,,
20-Mar-1998,Chaetodipus penicillatus,N,M,A,17.0,,131,,,,
20-Mar-1998,Dipodomys merriami,N,F,A,40.0,,30,,,,
20-Mar-1998,Dipodomys merriami,N,M,A,41.0,ST,33,,,,
20-Mar-1998,Dipodomys merriami,N,M,A,37.0,ST,34,,,,
20-Mar-1998,Dipodomys merriami,N,M,A,41.0,ST,41,,,,
20-Mar-1998,Dipodomys merriami,N,F,A,39.0,LACT,104,,,,
20-Mar-1998,Dipodomys merriami,N,M,A,42.0,ST,116,,,,
20-Mar-1998,Dipodomys merriami,N,F,A,38.0,,138,,,,
20-Mar-1998,Neotoma albigula,N,F,A,182.0,,99,,,,
20-Mar-1998,Neotoma albigula,N,F,A,191.5,,141,,,,
21-Mar-1998,Chaetodipus baileyi,N,M,A,32.0,ST,24,,,,
21-Mar-1998,Chaetodipus baileyi,N,M,A,32.0,,84,,,,
21-Mar-1998,Chaetodipus baileyi,Y,M,A,31.0,ST,9,,,,
21-Mar-1998,Chaetodipus baileyi,Y,F,A,27.5,,44,,,,
21-Mar-1998,Chaetodipus baileyi,Y,M,A,34.0,ST,74,,,,
21-Mar-1998,Chaetodipus baileyi,Y,M,A,27.0,,81,,,,
21-Mar-1998,Chaetodipus baileyi,Y,M,A,36.0,ST,124,,,,
21-Mar-1998,Chaetodipus penicillatus,N,F,A,22.5,,8,,,,
21-Mar-1998,Chaetodipus penicillatus,N,M,A,19.0,ST,33,,,,
21-Mar-1998,Chaetodipus penicillatus,N,M,A,15.5,ST,40,,,,
21-Mar-1998,Chaetodipus penicillatus,N,M,A,16.5,ST,45,,,,
21-Mar-1998,Dipodomys merriami,N,M,A,42.0,ST,56,,,,
21-Mar-1998,Dipodomys merriami,Y,M,A,43.0,ST,30,,,,
21-Mar-1998,Dipodomys merriami,Y,F,SA,32.0,,104,,,,
21-Mar-1998,Dipodomys merriami,Y,M,A,42.0,ST,130,,,,
21-Mar-1998,Neotoma albigula,N,F,A,150.0,,7,,,,
21-Mar-1998,Neotoma albigula,N,F,SA,131.0,,48,,,,
21-Mar-1998,Neotoma albigula,N,M,J,82.0,,92,,,,
21-Mar-1998,Neotoma albigula,Y,F,A,191.0,,141,,,,
19-Mar-1999,Chaetodipus baileyi,N,M,A,25.0,,14,,,,
19-Mar-1999,Chaetodipus baileyi,N,M,A,29.0,ST,21,,,,
19-Mar-1999,Chaetodipus baileyi,N,F,A,25.0,,22,,,,
19-Mar-1999,Chaetodipus baileyi,N,M,A,36.0,,30,,,,
19-Mar-1999,Chaetodipus baileyi,N,M,A,25.0,,49,,,,
19-Mar-1999,Chaetodipus baileyi,N,M,A,46.0,,54,,,,
19-Mar-1999,Chaetodipus baileyi,N,M,A,39.0,ST,57,,,,
19-Mar-1999,Chaetodipus baileyi,N,F,A,27.0,,66,,,,
19-Mar-1999,Chaetodipus baileyi,N,M,A,28.0,ST,68,,,,
19-Mar-1999,Chaetodipus baileyi,N,F,A,26.0,,77,,,,
19-Mar-1999,Chaetodipus baileyi,N,M,A,34.0,ST,81,,,,
19-Mar-1999,Chaetodipus baileyi,N,M,A,40.0,ST,96,,,,
19-Mar-1999,Chaetodipus baileyi,N,F,A,25.0,,104,,,,
19-Mar-1999,Chaetodipus baileyi,N,M,A,37.0,ST,105,,,,
19-Mar-1999,Chaetodipus baileyi,N,F,A,24.0,,109,,,,
19-Mar-1999,Chaetodipus baileyi,N,F,A,24.0,,112,,,,
19-Mar-1999,Chaetodipus baileyi,N,F,A,34.0,,123,,,,
19-Mar-1999,Chaetodipus baileyi,N,F,A,29.0,,128,,,,
19-Mar-1999,Chaetodipus penicillatus,N,M,A,15.0,,58,,,,
19-Mar-1999,Chaetodipus penicillatus,N,F,A,22.0,,85,,,,
19-Mar-1999,Chaetodipus penicillatus,N,M,A,22.0,,90,,,,
19-Mar-1999,Chaetodipus penicillatus,N,M,A,22.0,,106,,,,
19-Mar-1999,Chaetodipus penicillatus,N,F,A,23.0,,115,,,,
19-Mar-1999,Chaetodipus penicillatus,N,M,A,15.0,,136,,,,
19-Mar-1999,Dipodomys merriami,N,M,A,39.0,ST,13,,,,
19-Mar-1999,Dipodomys merriami,N,F,A,40.0,,18,,,,
19-Mar-1999,Dipodomys merriami,N,F,A,50.0,PREG,19,,,,
19-Mar-1999,Dipodomys merriami,N,M,SA,32.0, ,55,,,,
19-Mar-1999,Dipodomys merriami,N,M,J,29.0,,89,,,,
19-Mar-1999,Dipodomys merriami,N,F,A,38.0,,102,,,,
19-Mar-1999,Dipodomys merriami,N,F,A,43.0,PREG,113,,,,
19-Mar-1999,Dipodomys merriami,N,M,A,39.0,ST,114,,,,
19-Mar-1999,Dipodomys merriami,N,F,A,39.0,,119,,,,
19-Mar-1999,Dipodomys merriami,N,M,A,44.0,,131,,,,
19-Mar-1999,Dipodomys merriami,N,M,A,39.0,ST,137,,,,
19-Mar-1999,Dipodomys merriami,N,F,A,47.0,PREG,138,,,,
19-Mar-1999,Dipodomys merriami,N,M,A,46.0,ST,139,,,,
19-Mar-1999,Dipodomys merriami,N,M,A,39.0,ST,144,,,,
19-Mar-1999,Neotoma albigula,N,F,SA,100.0,,65,,,,
19-Mar-1999,Neotoma albigula,N,F,A,178.0,,78,,,,
20-Mar-1999,Chaetodipus baileyi,N,M,A,29.0,,19,,,,
20-Mar-1999,Chaetodipus baileyi,N,F,A,28.0,,24,,,,
20-Mar-1999,Chaetodipus baileyi,N,M,A,37.5,,30,,,,
20-Mar-1999,Chaetodipus baileyi,N,M,A,37.0,ST,32,,,,
20-Mar-1999,Chaetodipus baileyi,N,F,A,26.0,,45,,,,
20-Mar-1999,Chaetodipus baileyi,N,F,A,24.0,,48,,,,
20-Mar-1999,Chaetodipus baileyi,N,M,A,28.0,,56,,,,
20-Mar-1999,Chaetodipus baileyi,N,M,A,40.0,ST,68,,,,
20-Mar-1999,Chaetodipus baileyi,N,M,A,27.0,ST,89,,,,
20-Mar-1999,Chaetodipus baileyi,N,M,A,33.0,ST,90,,,,
20-Mar-1999,Chaetodipus baileyi,N,M,A,31.0,,106,,,,
20-Mar-1999,Chaetodipus baileyi,N,M,A,28.0,ST,119,,,,
20-Mar-1999,Chaetodipus baileyi,N,M,A,32.0,,139,,,,
20-Mar-1999,Chaetodipus baileyi,Y,M,A,24.0,,27,,,,
20-Mar-1999,Chaetodipus baileyi,Y,M,A,27.0,ST,66,,,,
20-Mar-1999,Chaetodipus baileyi,Y,F,A,26.0,,77,,,,
20-Mar-1999,Chaetodipus baileyi,Y,M,A,33.5,ST,84,,,,
20-Mar-1999,Chaetodipus baileyi,Y,F,A,27.0,,99,,,,
20-Mar-1999,Chaetodipus baileyi,Y,F,A,24.0,,101,,,,
20-Mar-1999,Chaetodipus baileyi,Y,F,A,30.0,,122,,,,
20-Mar-1999,Chaetodipus baileyi,Y,F,A,27.0,,128,,,,
20-Mar-1999,Chaetodipus baileyi,Y,M,A,24.0,,,Trap # not recorded.,,,
20-Mar-1999,Chaetodipus penicillatus,N,F,A,23.0,,5,,,,
20-Mar-1999,Chaetodipus penicillatus,N,M,A,20.0,,18,,,,
20-Mar-1999,Chaetodipus penicillatus,N,M,A,16.0,,31,,,,
20-Mar-1999,Chaetodipus penicillatus,N,M,A,17.0,ST,39,,,,
20-Mar-1999,Chaetodipus penicillatus,N,F,A,14.0,,113,,,,
20-Mar-1999,Chaetodipus penicillatus,N,F,A,20.0,,115,,,,
20-Mar-1999,Chaetodipus penicillatus,N,M,A,22.0,,117,,,,
20-Mar-1999,Chaetodipus penicillatus,N,F,A,21.0,,136,,,,
20-Mar-1999,Chaetodipus penicillatus,N,F,A,20.0,,140,,,,
20-Mar-1999,Chaetodipus penicillatus,Y,F,A,21.0,,74,,,,
20-Mar-1999,Chaetodipus penicillatus,Y,F,A,22.0,,109,,,,
20-Mar-1999,Dipodomys merriami,N,M,A,39.0,ST,20,,,,
20-Mar-1999,Dipodomys merriami,N,M,A,48.0,ST,33,,,,
20-Mar-1999,Dipodomys merriami,N,M,A,42.0,,115,,,,
20-Mar-1999,Dipodomys merriami,Y,M,A,38.0,ST,102,,,,
20-Mar-1999,Dipodomys merriami,Y,F,A,48.0,PREG,137,,,,
20-Mar-1999,Perognathus amplus,N,M,A,11.0,,125,,,,
17-Mar-2000,Chaetodipus baileyi,N,M,A,23.0,ST,17,,,,
17-Mar-2000,Chaetodipus baileyi,N,M,A,29.0,,68,,,,
17-Mar-2000,Chaetodipus baileyi,N,M,A,25.5,,99,,,,
17-Mar-2000,Chaetodipus penicillatus,N,F,A,20.0,,28,,,,
17-Mar-2000,Chaetodipus penicillatus,N,F,A,22.0,,83,,,,
17-Mar-2000,Dipodomys merriami,N,M,A,45.0,,13,,,,
17-Mar-2000,Dipodomys merriami,N,F,A,38.0,,25,,,,
17-Mar-2000,Dipodomys merriami,N,M,A,41.0,ST,27,,,,
17-Mar-2000,Dipodomys merriami,N,M,A,43.0,ST,32,,,,
17-Mar-2000,Dipodomys merriami,N,M,A,41.0,ST,55,,,,
17-Mar-2000,Dipodomys merriami,N,M,A,48.0,ST,56,,,,
17-Mar-2000,Dipodomys merriami,N,M,A,35.0,ST,112,,,,
17-Mar-2000,Dipodomys merriami,N,M,A,41.0,ST,116,,,,
17-Mar-2000,Dipodomys merriami,N,M,A,45.5,ST,120,,,,
17-Mar-2000,Dipodomys merriami,N,M,A,46.0,ST,132,,,,
17-Mar-2000,Dipodomys merriami,N,M,A,44.0,ST,144,,,,
17-Mar-2000,Neotoma albigula,N,F,A,179.0,,19,,,,
18-Mar-2000,Chaetodipus baileyi,N,F,A,23.0,,67,,,,
18-Mar-2000,Chaetodipus baileyi,N,M,A,35.5,,88,,,,
18-Mar-2000,Chaetodipus baileyi,Y,M,A,25.5,,101,,,,
18-Mar-2000,Chaetodipus penicillatus,N,F,A,19.5,,9,,,,
18-Mar-2000,Chaetodipus penicillatus,N,M,A,23.0,,115,,,,
18-Mar-2000,Chaetodipus penicillatus,N,F,A,23.0,,140,,,,
18-Mar-2000,Chaetodipus penicillatus,Y,F,A,21.5,,2,,,,
18-Mar-2000,Dipodomys merriami,N,F,A,43.0,,131,,,,
18-Mar-2000,Dipodomys merriami,Y,F,A,41.0,,13,,,,
18-Mar-2000,Dipodomys merriami,Y,M,A,43.5,ST,116,,,,
16-Mar-2001,Chaetodipus baileyi,N,F,A,29.0,,23,,,,
16-Mar-2001,Chaetodipus baileyi,N,F,A,27.0,,45,,,,
16-Mar-2001,Chaetodipus baileyi,N,M,A,32.0,ST,57,,,,
16-Mar-2001,Chaetodipus baileyi,N,F,A,30.0,,71,,,,
16-Mar-2001,Chaetodipus penicillatus,N,M,A,15.0,,52,,,,
16-Mar-2001,Dipodomys merriami,N,M,A,46.0,ST,29,,,,
16-Mar-2001,Dipodomys merriami,N,F,J,26.0,,65,,,,
16-Mar-2001,Dipodomys merriami,N,F,A,37.0,LACT,102,,,,
16-Mar-2001,Dipodomys merriami,N,F,A,39.0,,130,,,,
17-Mar-2001,Chaetodipus baileyi,N,F,A,27.0,,13,,,,
17-Mar-2001,Chaetodipus baileyi,N,M,A,28.0,ST,33,,,,
17-Mar-2001,Chaetodipus baileyi,N,F,A,28.0,,144,,,,
17-Mar-2001,Dipodomys merriami,N,F,A,39.0,,7,,,,
17-Mar-2001,Dipodomys merriami,N,F,A,39.0,LACT,20,,,,
17-Mar-2001,Dipodomys merriami,N,F,SA,31.0,,41,,,,
17-Mar-2001,Dipodomys merriami,N,F,A,43.0,,142,,,,
15-Mar-2002,Chaetodipus baileyi,N,M,A,42.0,ST,41,,,,
15-Mar-2002,Chaetodipus baileyi,N,M,A,24.0,ST,43,,,,
15-Mar-2002,Chaetodipus baileyi,N,M,A,42.0,ST,56,,,,
15-Mar-2002,Chaetodipus baileyi,N,M,A,30.0,ST,82,,,,
15-Mar-2002,Chaetodipus baileyi,N,M,A,36.0,ST,108,,,,
15-Mar-2002,Dipodomys merriami,N,M,A,37.0,,20,,,,
15-Mar-2002,Dipodomys merriami,N,M,A,35.0,,31,,,,
15-Mar-2002,Dipodomys merriami,N,M,SA,34.0,,53,,,,
15-Mar-2002,Dipodomys merriami,N,M,A,37.0,ST,92,,,,
15-Mar-2002,Dipodomys merriami,N,M,SA,30.0,,117,,,,
15-Mar-2002,Dipodomys merriami,N,M,A,42.0,,131,,,,
15-Mar-2002,Dipodomys merriami,N,M,A,43.0,,137,,,,
16-Mar-2002,Chaetodipus baileyi,N,M,A,42.0,ST,31,,,,
16-Mar-2002,Chaetodipus baileyi,N,M,A,37.0,ST,43,,,,
16-Mar-2002,Chaetodipus baileyi,N,M,A,35.0,,82,,,,
16-Mar-2002,Dipodomys merriami,N,F,A,36.0,,46,,,,
16-Mar-2002,Dipodomys merriami,N,M,A,35.0,ST,106,,,,
16-Mar-2002,Dipodomys merriami,Y,M,A,36.0,,20,,,,
16-Mar-2002,Dipodomys merriami,Y,M,A,36.0,ST,93,,,,
19-Mar-2003,Chaetodipus baileyi,N,M,A,37.0,,2,,,,
19-Mar-2003,Chaetodipus baileyi,N,M,A,35.0,,7,,,,
19-Mar-2003,Chaetodipus baileyi,N,M,A,29.0,,34,,,,
19-Mar-2003,Chaetodipus baileyi,N,M,A,24.0,ST,46,,,,
19-Mar-2003,Chaetodipus baileyi,N,M,A,25.0,ST,80,,,,
19-Mar-2003,Chaetodipus baileyi,N,M,A,27.0,ST,81,,,,
19-Mar-2003,Chaetodipus baileyi,N,M,A,33.0,,92,,,,
19-Mar-2003,Chaetodipus baileyi,N,M,A,30.0,ST,97,,,,
19-Mar-2003,Chaetodipus baileyi,N,M,A,29.0,,105,,,,
19-Mar-2003,Chaetodipus baileyi,N,M,A,24.0,ST,108,,,,
19-Mar-2003,Chaetodipus baileyi,N,M,A,27.0,,118,,,,
19-Mar-2003,Chaetodipus baileyi,N,M,A,33.0,,131,,,,
19-Mar-2003,Chaetodipus baileyi,N,M,A,25.0,,144,,,,
19-Mar-2003,Chaetodipus penicillatus,N,M,A,21.0,,14,,,,
19-Mar-2003,Chaetodipus penicillatus,N,M,A,21.0,,28,,,,
19-Mar-2003,Chaetodipus penicillatus,N,M,A,22.0,,33,,,,
19-Mar-2003,Chaetodipus penicillatus,N,M,A,20.0,,47,,,,
19-Mar-2003,Chaetodipus penicillatus,N,M,A,23.0,,59,,,,
19-Mar-2003,Chaetodipus penicillatus,N,F,A,19.0,,66,,,,
19-Mar-2003,Chaetodipus penicillatus,N,M,A,23.0,,125,,,,
19-Mar-2003,Chaetodipus penicillatus,N,M,A,21.0,,136,,,,
19-Mar-2003,Chaetodipus penicillatus,N,M,A,23.0,,139,,,,
19-Mar-2003,Dipodomys merriami,N,M,A,48.0,,31,,,,
19-Mar-2003,Dipodomys merriami,N,M,A,35.0,ST,77,,,,
19-Mar-2003,Dipodomys merriami,N,F,A,37.0,,106,,,,
19-Mar-2003,Dipodomys merriami,N,M,A,38.0,ST,116,,,,
19-Mar-2003,Dipodomys merriami,N,F,A,42.0,,137,,,,
19-Mar-2003,Dipodomys merriami,N,M,A,45.0,ST,138,,,,
20-Mar-2003,Chaetodipus baileyi,N,M,A,38.0,,58,,,,
20-Mar-2003,Chaetodipus baileyi,N,M,A,24.0,ST,95,,,,
20-Mar-2003,Chaetodipus baileyi,N,M,A,36.0,ST,96,,,,
20-Mar-2003,Chaetodipus baileyi,N,F,A,25.0,,131,,,,
20-Mar-2003,Chaetodipus baileyi,Y,M,A,,ST,141,,,,
20-Mar-2003,Chaetodipus penicillatus,N,M,A,23.0,,12,,,,
20-Mar-2003,Chaetodipus penicillatus,N,M,A,18.0,,20,,,,
20-Mar-2003,Chaetodipus penicillatus,N,M,A,20.0,,72,,,,
20-Mar-2003,Chaetodipus penicillatus,N,M,A,22.0,,93,,,,
20-Mar-2003,Chaetodipus penicillatus,Y,M,A,,,27,,,,
20-Mar-2003,Chaetodipus penicillatus,Y,M,A,,,47,,,,
20-Mar-2003,Chaetodipus penicillatus,Y,M,A,,,145,,,,
20-Mar-2003,Dipodomys merriami,N,M,J,21.0,,29,,,,
20-Mar-2003,Dipodomys merriami,N,M,J,20.0,,32,,,,
20-Mar-2003,Dipodomys merriami,N,M,J,22.0,,48,,,,
20-Mar-2003,Dipodomys merriami,N,F,J,27.0,,84,,,,
20-Mar-2003,Dipodomys merriami,N,F,A,45.0,PREG,91,,,,
20-Mar-2003,Dipodomys merriami,Y,M,A,,ST,115,,,,
22-Apr-2004,Chaetodipus baileyi,n,f,a,,pl,H100,,26,,
22-Apr-2004,Chaetodipus baileyi,n,m,a,,td,G80,,26,,
22-Apr-2004,Chaetodipus baileyi,n,m,a,,td,L60,,26,,
22-Apr-2004,Chaetodipus baileyi,n,m,j,,,L30,,27,,
22-Apr-2004,Chaetodipus baileyi,n,m,a,,,k50,,27,,
22-Apr-2004,Chaetodipus baileyi,n,f,a,,pl,K30,,26,,
22-Apr-2004,Chaetodipus baileyi,n,f,a,,pl,K90,,27,,
22-Apr-2004,Chaetodipus baileyi,n,f,j,,,K70,,26,,
22-Apr-2004,Chaetodipus baileyi,n,m,j,,,K40,,26,,
22-Apr-2004,Chaetodipus baileyi,n,f,a,,pre,D20,,26,,
22-Apr-2004,Chaetodipus baileyi,n,m,a,,td,J40,,26,,
22-Apr-2004,Chaetodipus baileyi,n,f,a,,pl,I50,,26,,
22-Apr-2004,Chaetodipus baileyi,n,m,a,,td,I80,,27,,
22-Apr-2004,Chaetodipus baileyi,n,m,a,,td,C100,,26,,
22-Apr-2004,Chaetodipus baileyi,n,f,a,,pre,E60,,26,,
22-Apr-2004,Chaetodipus baileyi,n,m,a,,td,E100,,25,,
22-Apr-2004,Chaetodipus baileyi,n,f,a,,pl,E90,,25,,
22-Apr-2004,Chaetodipus baileyi,n,f,a,,pl,E50,,26,,
22-Apr-2004,Chaetodipus baileyi,n,f,a,,pl,A70,,27,,
22-Apr-2004,Chaetodipus baileyi,n,f,a,,,A100,,,,
22-Apr-2004,Chaetodipus baileyi,n,m,a,,td,A30,,26,,
22-Apr-2004,Chaetodipus baileyi,n,m,a,,td,A20,,25,,
22-Apr-2004,Chaetodipus baileyi,n,m,a,,td,A90,,26,,
22-Apr-2004,Chaetodipus baileyi,n,m,a,,td,B100,,27,,
22-Apr-2004,Chaetodipus baileyi,n,m,a,,td,B20,,26,,
22-Apr-2004,Chaetodipus baileyi,n,f,a,,pl,B70,,28,,
22-Apr-2004,Chaetodipus baileyi,n,f,a,,pre,B80,,25,,
22-Apr-2004,Chaetodipus baileyi,n,f,a,,pl,B50,,28,,
22-Apr-2004,Chaetodipus baileyi,n,,,,,K15,caught pm,,,
22-Apr-2004,Chaetodipus baileyi,n,,,,,B15,caught pm,,,
22-Apr-2004,Chaetodipus penicillatus,n,m,a,,,H80,no mass/repro recorded,21,73,48
22-Apr-2004,Chaetodipus penicillatus,n,m,a,,td,H40,,19,,
22-Apr-2004,Chaetodipus penicillatus,n,m,a,,td,G90,,22,,
22-Apr-2004,Chaetodipus penicillatus,n,m,a,,td,H50,,21,,
22-Apr-2004,Chaetodipus penicillatus,n,m,a,,td,G20,,20,,
22-Apr-2004,Chaetodipus penicillatus,n,f,a,,pl,L50,,,,
22-Apr-2004,Chaetodipus penicillatus,n,f,a,,,L80,enlarged nipples,21,,
22-Apr-2004,Chaetodipus penicillatus,n,m,a,,td,K100,,21,,
22-Apr-2004,Chaetodipus penicillatus,n,f,a,,pl,D100,"big, robust, questionable",22,,
22-Apr-2004,Chaetodipus penicillatus,n,f,a,,,I5,,,,
22-Apr-2004,Chaetodipus penicillatus,n,f,a,,,C40,broken tail,,,
22-Apr-2004,Chaetodipus penicillatus,n,m,a,,td,C10,,20,,
22-Apr-2004,Chaetodipus penicillatus,n,m,a,,td,E40,,22,,
22-Apr-2004,Chaetodipus penicillatus,n,f,a,,pre,E50,enlarged nipples,20,79,90
22-Apr-2004,Chaetodipus penicillatus,n,m,a,,td,A60,,20,,
22-Apr-2004,Chaetodipus penicillatus,n,m,a,,td,B50,,22,,
22-Apr-2004,Chaetodipus penicillatus,n,f,a,,pl,B40,broken. . . ,20,,
22-Apr-2004,Dipodomys merriami,n,m,a,,TD,H30,no mass recorded,,,
22-Apr-2004,Dipodomys merriami,n,f,a,,,H70,,,,
22-Apr-2004,Dipodomys merriami,n,m,a,,td,G40,,,,
22-Apr-2004,Dipodomys merriami,n,m,a,,td,G60,,,,
22-Apr-2004,Dipodomys merriami,n,f,a,,pl,G30,,,,
22-Apr-2004,Dipodomys merriami,n,f,j,,,D40,,,,
22-Apr-2004,Dipodomys merriami,n,f,a,,,J80,,,,
22-Apr-2004,Dipodomys merriami,n,f,j,,,J30,,,,
22-Apr-2004,Dipodomys merriami,n,f,a,,pl,I40,,,,
22-Apr-2004,Dipodomys merriami,n,f,a,,pl,C60,,,,
22-Apr-2004,Dipodomys merriami,n,m,a,,td,C70,,,,
22-Apr-2004,Dipodomys merriami,n,m,a,,td,C30,,,,
22-Apr-2004,Dipodomys merriami,n,f,a,,pre,A50,,,,
22-Apr-2004,Dipodomys merriami,n,f,a,,pl,F50,,,,
22-Apr-2004,Dipodomys merriami,n,f,j,,,F30,,,,
22-Apr-2004,Dipodomys merriami,n,,j,,,F40,,20,,
22-Apr-2004,Dipodomys merriami,n,m,a,,td,F70,,,,
22-Apr-2004,Dipodomys merriami,n,f,a,,pl,F80,,,,
22-Apr-2004,Neotoma albigula,n,f,a,,lac,H90,,,,
22-Apr-2004,Neotoma albigula,n,m,j,,,H20,,,,
22-Apr-2004,Neotoma albigula,n,f,a,,lac,D50,,,,
22-Apr-2004,Neotoma albigula,n,,,,,I60,tail only,,,
22-Apr-2004,Neotoma albigula,n,f,a,,pl,A80,,,,
22-Apr-2004,Perognathus amplus,n,m,a,,,E30,silky hair,19,70,75
22-Apr-2004,Perognathus amplus,n,f,a,,pl,B60,red color,19,65,71
23-Apr-2004,Chaetodipus baileyi,n,m,a,32.0,td,I50,,,,
23-Apr-2004,Chaetodipus baileyi,n,f,a,27.0,Lac ,H20,,25,,
23-Apr-2004,Chaetodipus baileyi,n,m,a,22.0,nr,H40,,26,,
23-Apr-2004,Chaetodipus baileyi,n,m,a,29.0,td,C30,,,,
23-Apr-2004,Chaetodipus baileyi,n,f,a,2.9,la,B100,,27,,
23-Apr-2004,Chaetodipus baileyi,n,f,s,33.0,pl,L60,,,,
23-Apr-2004,Chaetodipus baileyi,n,f,a,28.0,pl,L100,,,,
23-Apr-2004,Chaetodipus baileyi,n,m,a,40.0,td,L90,,,,
23-Apr-2004,Chaetodipus baileyi,n,f,a,38.0,pl,A90,,26,,
23-Apr-2004,Chaetodipus baileyi,n,f,a,,pr ,L40,no mass recorded,,,
23-Apr-2004,Chaetodipus baileyi,n,f,a,23.0,pl,E90,,,,
23-Apr-2004,Chaetodipus baileyi,n,m,a,27.0,td,J20,,,,
23-Apr-2004,Chaetodipus baileyi,n,f,a,,nr,J70 ,no mass recorded,,,
23-Apr-2004,Chaetodipus baileyi,n,m,a,,td,J30,no mass recorded,,,
23-Apr-2004,Chaetodipus baileyi,n,m,j,,nr,K30,no mass recorded,,,
23-Apr-2004,Chaetodipus baileyi,n,f,a,,pl,K40,no mass recorded,,,
23-Apr-2004,Chaetodipus baileyi,y,m,a,31.0,td,I90,,,,
23-Apr-2004,Chaetodipus baileyi,y,f,a,19.0,nr,L30,,,,
23-Apr-2004,Chaetodipus baileyi,y,f,a,28.0,pl,B80,,,,
23-Apr-2004,Chaetodipus baileyi,y,m,a,23.0,td,A20,,,,
23-Apr-2004,Chaetodipus baileyi,y,f,a,,pl,F5,no mass recorded,,,
23-Apr-2004,Chaetodipus baileyi,y,f,a,,pl,K90,no mass recorded,,,
23-Apr-2004,Chaetodipus penicillatus,n,m,a,17.0,td,G90,,,,
23-Apr-2004,Chaetodipus penicillatus,n,f,a,16.0,nr,A30,,21,,
23-Apr-2004,Chaetodipus penicillatus,n,m,a,20.0,td,L70,,,,
23-Apr-2004,Chaetodipus penicillatus,n,m,a,21.0,td,L80,,,,
23-Apr-2004,Chaetodipus penicillatus,n,m,a,12.0,td,A10,,21,,
23-Apr-2004,Chaetodipus penicillatus,n,m,a,,td,F80,no mass recorded,,,
23-Apr-2004,Chaetodipus penicillatus,n,m,a,15.0,td,A100,,21,,
23-Apr-2004,Chaetodipus penicillatus,n,m,a,,td,F70,no mass recorded,,,
23-Apr-2004,Chaetodipus penicillatus,n,f,a,,nr,F50,no mass recorded,,,
23-Apr-2004,Chaetodipus penicillatus,n,m,a,,td,J100,no mass recorded,,,
23-Apr-2004,Chaetodipus penicillatus,n,f,m,,nr,K50,"yes, that's what it said under sex and age, no mass recorded",,,
23-Apr-2004,Chaetodipus penicillatus,n,f,a,,nr,K15,no mass recorded,,,
23-Apr-2004,Chaetodipus penicillatus,r,f,,,,C40,"age, mass, repro status not recorded",,,
23-Apr-2004,Chaetodipus penicillatus,y,m,a,17.0,TD,I5,broken tail,,,
23-Apr-2004,Chaetodipus penicillatus,y,f,,17.0,NR,H80,"broken tail, no age recorded",,,
23-Apr-2004,Chaetodipus penicillatus,y,m,a,18.0,td,G80,,,,
23-Apr-2004,Chaetodipus penicillatus,y,m,a,17.0,td,G20,,,,
23-Apr-2004,Chaetodipus penicillatus,y,f,a,13.0,nr,B20,very broken tail,,,
23-Apr-2004,Chaetodipus penicillatus,y,f,a,16.0,nr,L50,,,,
23-Apr-2004,Chaetodipus penicillatus,y,m,a,20.0,td,A70,,,,
23-Apr-2004,Chaetodipus penicillatus,y,m,a,19.0,td,E50,,,,
23-Apr-2004,Chaetodipus penicillatus,y,m,a,17.0,td,E40,,,,
23-Apr-2004,Chaetodipus penicillatus,y,m,a,,td,K100,no mass recorded,,,
23-Apr-2004,Dipodomys merriami,n,m,a,,td,D90,mass not recorded,,,
23-Apr-2004,Dipodomys merriami,n,m,a,40.0,td,I10,,,,
23-Apr-2004,Dipodomys merriami,n,f,a,24.0,NR,H70,,,,
23-Apr-2004,Dipodomys merriami,n,f,a,38.0,pl,C60,,,,
23-Apr-2004,Dipodomys merriami,n,m,a,38.0,TD,B60,,,,
23-Apr-2004,Dipodomys merriami,n,m,a,37.0,td,A50,,,,
23-Apr-2004,Dipodomys merriami,n,m,a,,td,F90,no mass recorded,,,
23-Apr-2004,Dipodomys merriami,n,f,a,40.0,pl,E100,,,,
23-Apr-2004,Dipodomys merriami,n,f,j,,nr,J40,no mass recorded,,,
23-Apr-2004,Dipodomys merriami,n,m,a,,td,J90,no mass recorded,,,
23-Apr-2004,Dipodomys merriami,n,f,a,,pr,K60,no mass recorded,,,
23-Apr-2004,Dipodomys merriami,y,f,a,36.0,,I20,repro condition not noted,,,
23-Apr-2004,Dipodomys merriami,y,f,a,40.0,Preg,H30,,,,
23-Apr-2004,Dipodomys merriami,y,f,a,34.0,NR,C50,,,,
23-Apr-2004,Dipodomys merriami,y,m,a,38.0,td,G70,,,,
23-Apr-2004,Dipodomys merriami,y,f,a,44.0,la,A60,,,,
23-Apr-2004,Dipodomys merriami,y,,J,,,F40,"no mass, repro status recorded, and J was under sex--I assumed it was supposed to be under age",,,
23-Apr-2004,Dipodomys merriami,y,f,j,19.0,,F30,no repro status recorded,,,
23-Apr-2004,Dipodomys merriami,y,m,a,,td,E10,no mass recorded,,,
23-Apr-2004,Dipodomys merriami,y,f,a,49.0,pr,J80,,,,
23-Apr-2004,Neotoma albigula,n,m,a,180.0,td,D100,,,,
23-Apr-2004,Neotoma albigula,n,m,a,200.0,TD,D80,,,,
23-Apr-2004,Neotoma albigula,n,m,a,195.0,TD,J60,,,,
23-Apr-2004,Neotoma albigula,n,m,a,155.0,nr,L20,,,,
23-Apr-2004,Neotoma albigula,y,f,,126.0,pl,D60,age not recorded,,,
23-Apr-2004,Neotoma albigula,y,m,j,79.0,nr,G15,,,,
23-Apr-2004,Perognathus amplus,y,f,a,10.0,NR,D30,,,,
23-Apr-2004,Perognathus amplus,y,f,a,12.0,nr,B50,,,,
23-Apr-2004,Perognathus amplus,y,m,a,11.0,td,E15,,,,
19-Mar-2005,Chaetodipus baileyi,n,f,a,34.0,Pl,K20,,26,,
19-Mar-2005,Chaetodipus baileyi,n,m,a,37.0,sc,I5,,26,,
19-Mar-2005,Chaetodipus baileyi,n,m,a,27.0,nr,J20,,25,,
19-Mar-2005,Chaetodipus baileyi,n,f,a,37.0,pr,J30,,26,,
19-Mar-2005,Chaetodipus baileyi,n,f,a,30.0,rr,J50,,27,,
19-Mar-2005,Chaetodipus baileyi,n,m,a,30.0,nr,J40,,25,,
19-Mar-2005,Chaetodipus baileyi,n,m,,32.0,scr,J100,,26,,
19-Mar-2005,Chaetodipus baileyi,n,f,,33.0,pr,I80,,25,,
19-Mar-2005,Chaetodipus baileyi,n,m,,30.0,scr,I40,,25,,
19-Mar-2005,Chaetodipus baileyi,n,m,,39.0,scr,I60,,25,,
19-Mar-2005,Chaetodipus baileyi,n,m,a,29.0,scr,center,"did not mark animal, tail broken",26,90,80
19-Mar-2005,Chaetodipus baileyi,n,f,a,36.0,PL,A10,GRN,25,90,115
19-Mar-2005,Chaetodipus baileyi,n,f,a,33.0,PL,A80,G,25,85,105
19-Mar-2005,Chaetodipus baileyi,n,f,a,28.0,PL,A100,G,25,,
19-Mar-2005,Chaetodipus baileyi,n,f,a,36.0,PL,A90,G,26,,
19-Mar-2005,Chaetodipus baileyi,n,m,a,33.0,Scr,B80,G,26,,
19-Mar-2005,Chaetodipus baileyi,n,m,a,28.0,scr,D40,G,25,,
19-Mar-2005,Chaetodipus baileyi,n,f,a,28.0,pl,D80,G,25,,
19-Mar-2005,Chaetodipus baileyi,n,f,a,31.0,nr,C50,G,25,,
19-Mar-2005,Chaetodipus baileyi,n,f,a,35.0,pl,E70,G,26,,
19-Mar-2005,Chaetodipus baileyi,n,m,a,35.0,scr,E90,G,25,,
19-Mar-2005,Chaetodipus baileyi,n,f,a,27.0,nr,A50,tail broken,25,,80
19-Mar-2005,Chaetodipus baileyi,n,m,a,38.0,,B70,,26,,
19-Mar-2005,Chaetodipus baileyi,n,f,a,24.0,nr,B50,not sure on the species--see original datasheet,23,,68
19-Mar-2005,Chaetodipus baileyi,n,m,a,40.0,nr,B15,,26,,
19-Mar-2005,Chaetodipus baileyi,n,f,a,36.0,nr,G50,,26,,
19-Mar-2005,Chaetodipus baileyi,n,,,39.0,,G70,escaped? 'Esc',,,
19-Mar-2005,Chaetodipus baileyi,n,f,a,35.0,pl,E40,g,25,,
19-Mar-2005,Chaetodipus baileyi,n,m,a,27.0,nr,E5,,25,,
19-Mar-2005,Chaetodipus baileyi,n,m,A,34.0,nr,G60,,24,,
19-Mar-2005,Chaetodipus baileyi,n,m,a,30.0,scr,G80,,24,,
19-Mar-2005,Chaetodipus baileyi,n,f,a,33.0,pl,G90,,25,,
19-Mar-2005,Chaetodipus baileyi,n,m,a,35.0,scr,G15,,26,,
19-Mar-2005,Chaetodipus baileyi,n,f,a,45.0,pr,H20,,26,,
19-Mar-2005,Chaetodipus baileyi,n,f,a,31.0,pr,H40,,27,,
19-Mar-2005,Chaetodipus baileyi,n,f,a,29.0,pl,H60,,26,,
19-Mar-2005,Chaetodipus baileyi,n,m,a,26.0,scr,J70 ,,25,,
19-Mar-2005,Chaetodipus penicillatus,n,m,a,30.0,nr,K80,,30,,
19-Mar-2005,Chaetodipus penicillatus,n,f,a,37.0,pl,K70,,25,,
19-Mar-2005,Chaetodipus penicillatus,n,m,,19.0,scm,I20,,21,,
19-Mar-2005,Chaetodipus penicillatus,n,m,a,17.0,scr,C20,G,21,,
19-Mar-2005,Chaetodipus penicillatus,n,m,a,36.0,sc,D5,,24,,
19-Mar-2005,Chaetodipus penicillatus,n,m,a,16.0,nr,D50,,20,,
19-Mar-2005,Chaetodipus penicillatus,n,m,a,20.0,nr,B?,can't read the trap number,21,,
19-Mar-2005,Chaetodipus penicillatus,n,m,a,15.0,nr,F10,can't read the trap number,22,,
19-Mar-2005,Chaetodipus penicillatus,n,m,a,33.0,nr,F40,,23,,
19-Mar-2005,Chaetodipus penicillatus,n,m,a,20.0,nr,F70,can't read the trap number,22,,
19-Mar-2005,Chaetodipus penicillatus,n,m,a,34.0,nr,F100,,24,,
19-Mar-2005,Chaetodipus penicillatus,n,f,a,28.0,nr,K50,,23,,
19-Mar-2005,Dipodomys merriami,n,m,a,43.0,sc,K100,,28,,
19-Mar-2005,Dipodomys merriami,n,f,a,41.0,nr,L60,,35,,
19-Mar-2005,Dipodomys merriami,n,m,a,47.0,sm,L40,,35,,
19-Mar-2005,Dipodomys merriami,n,m,a,41.0,sc,A30,,,,
19-Mar-2005,Dipodomys merriami,n,m,a,47.0,nr,I50,,,,
19-Mar-2005,Dipodomys merriami,n,f,a,44.0,pl,C60,g,33,,
19-Mar-2005,Dipodomys merriami,n,f,a,42.0,pl,F20,,31,,
19-Mar-2005,Dipodomys merriami,n,f,a,55.0,nr,E50,,,,
19-Mar-2005,Dipodomys merriami,n,m,a,46.0,ser,E60,,,,
19-Mar-2005,Dipodomys merriami,n,f,a,47.0,nr,G20,,,,
19-Mar-2005,Neotoma albigula,n,f,a,58.0,,D60,GRN,,,
19-Mar-2005,Neotoma albigula,n,,j,76.0,,E30,,,,
19-Mar-2005,Perognathus amplus,n,m,a,17.0,nr,K15,,19,,
19-Mar-2005,Perognathus amplus,n,m,a,11.0,scr,D100,G,16,,65
20-Mar-2005,Chaetodipus baileyi,n,m,a,34.0,sc,A70,,25,,
20-Mar-2005,Chaetodipus baileyi,n,m,a,34.0,sc,A90,,25,,
20-Mar-2005,Chaetodipus baileyi,n,f,a,24.0,E,E100,Pregnant,23,,
20-Mar-2005,Chaetodipus baileyi,n,f,a,27.0,nr,E90,,25,,
20-Mar-2005,Chaetodipus baileyi,n,f,a,29.0,E,E60,Pregnant,23,,
20-Mar-2005,Chaetodipus baileyi,n,f,a,30.5,pregnant,F30,,25,,
20-Mar-2005,Chaetodipus baileyi,n,m,a,39.0,sc,H50,,24,,
20-Mar-2005,Chaetodipus baileyi,n,f,a,nr,34,L50,,25,,
20-Mar-2005,Chaetodipus baileyi,n,m,a,26.0,sc,C70,,26,,
20-Mar-2005,Chaetodipus baileyi,N,f,a,24.0,nr,K30,,25,,
20-Mar-2005,Chaetodipus baileyi,n,m,a,29.0,sc,K70,,25,,
20-Mar-2005,Chaetodipus baileyi,n,f,a,37.0,pr,G60,,26,,
20-Mar-2005,Chaetodipus baileyi,n,m,a,43.0,sc,G30,,26,,
20-Mar-2005,Chaetodipus baileyi,n,f,a,25.0,nr,G100,,25,,
20-Mar-2005,Chaetodipus baileyi,n,f,a,29.0,nr,B15,,26,,
20-Mar-2005,Chaetodipus baileyi,n,f,a,27.0,pl,B100,,25,,
20-Mar-2005,Chaetodipus baileyi,n,f,a,29.0,pr,I60,,25,,
20-Mar-2005,Chaetodipus baileyi,y,m,,30.0,,center,,,,
20-Mar-2005,Chaetodipus baileyi,y,,,,,A15,,,,
20-Mar-2005,Chaetodipus baileyi,y,,,,,A80,,,,
20-Mar-2005,Chaetodipus baileyi,y,,,,,A50,,,,
20-Mar-2005,Chaetodipus baileyi,y,,,,,A100,torpid,,,
20-Mar-2005,Chaetodipus baileyi,y,,,,,F100,,,,
20-Mar-2005,Chaetodipus baileyi,y,,,,,F50,,,,
20-Mar-2005,Chaetodipus baileyi,y,,,,,F40,,,,
20-Mar-2005,Chaetodipus baileyi,y,,,,,D40,,,,
20-Mar-2005,Chaetodipus baileyi,y,,,,,H40,torpid,,,
20-Mar-2005,Chaetodipus baileyi,y,,,,,J40,,,,
20-Mar-2005,Chaetodipus baileyi,y,,,27.0,,J70 ,,,,
20-Mar-2005,Chaetodipus baileyi,y,,,,,C50,,,,
20-Mar-2005,Chaetodipus baileyi,y,,,,,K40,,,,
20-Mar-2005,Chaetodipus baileyi,y,,,,,K10,,,,
20-Mar-2005,Chaetodipus baileyi,y,,,,,K80,,,,
20-Mar-2005,Chaetodipus baileyi,y,,,,,G50,,,,
20-Mar-2005,Chaetodipus baileyi,y,,,,,G90,,,,
20-Mar-2005,Chaetodipus baileyi,y,,,,,B60,,,,
20-Mar-2005,Chaetodipus baileyi,y,,,,,B70,,,,
20-Mar-2005,Chaetodipus baileyi,y,,,,,I40,can't read the trap number,,,
20-Mar-2005,Chaetodipus penicillatus,n,f,a,15.5,nr,E20,,21,,
20-Mar-2005,Chaetodipus penicillatus,n,m,a,17.0,nr,D30,,19,,
20-Mar-2005,Chaetodipus penicillatus,n,m,a,15.0,sc,G20,,21,,
20-Mar-2005,Chaetodipus penicillatus,y,,,,,A10,,,,
20-Mar-2005,Chaetodipus penicillatus,y,,,,,E10,,,,
20-Mar-2005,Chaetodipus penicillatus,y,,,,,D50,,,,
20-Mar-2005,Chaetodipus penicillatus,y,,,,,I20,,,,
20-Mar-2005,Dipodomys merriami,n,f,a,47.0,lac,J90,,35,,
20-Mar-2005,Dipodomys merriami,n,m,a,43.0,sc,J100,,35,,
20-Mar-2005,Dipodomys merriami,n,f,a,45.0,pr,K100,,,,
20-Mar-2005,Dipodomys merriami,y,,,,,A40,,,,
20-Mar-2005,Dipodomys merriami,y,,,,,J30,,,,
20-Mar-2005,Dipodomys merriami,y,,,,,L30,,,,
20-Mar-2005,Dipodomys merriami,y,,,,,L60,,,,
20-Mar-2005,Neotoma albigula,n,f,a,187.0,lac,J60,,,,
20-Mar-2005,Neotoma albigula,n,m,a,nr,,C90,,,,
20-Mar-2005,Neotoma albigula,y,,j,,,E30,,,,
20-Mar-2005,Perognathus amplus,y,m,a,,sc,I30,,,,
18-Mar-2006,Chaetodipus baileyi,N,M,A,27.0,SC,I60,,25,87,109
18-Mar-2006,Chaetodipus baileyi,N,M,A,42.0,NR,I20,,26,94,106
18-Mar-2006,Chaetodipus baileyi,N,F,A,22.0,NR,A100,,24,78,97
18-Mar-2006,Chaetodipus baileyi,N,M,A,26.0,NR,A70,,24,88,112
18-Mar-2006,Chaetodipus baileyi,N,M,A,27.0,SC,B30,,25,89,112
18-Mar-2006,Chaetodipus baileyi,N,M,A,34.0,NR,B100,,26,100,103
18-Mar-2006,Chaetodipus baileyi,N,M,A,28.0,SC,B15,,25,85,100
18-Mar-2006,Chaetodipus baileyi,N,F,A,26.0,NR,E100,,25,88,96
18-Mar-2006,Chaetodipus baileyi,N,,A,,,E60,ESCAPED,,,
18-Mar-2006,Chaetodipus baileyi,N,F,A,23.0,NR,K15,,25,80,110
18-Mar-2006,Chaetodipus baileyi,N,M,A,35.0,NR,B50,,23,79,111
18-Mar-2006,Chaetodipus baileyi,N,F,A,23.0,NR,center,center was written for trap number,25,85,110
18-Mar-2006,Chaetodipus baileyi,N,M,A,26.0,NR,center,center was written for trap number,24,90,106
18-Mar-2006,Chaetodipus baileyi,N,m,a,30.0,sc,F70,,25,95,120
18-Mar-2006,Chaetodipus baileyi,N,M,A,27.0,SC,F30,,25,85,120
18-Mar-2006,Chaetodipus baileyi,N,F,A,23.0,NR,J10,,24,85,110
18-Mar-2006,Chaetodipus baileyi,N,M,A,25.0,SC,L100,,26,88,115
18-Mar-2006,Chaetodipus baileyi,N,F,,24.0,PR,L60,age not recorded,25,89,120
18-Mar-2006,Chaetodipus baileyi,N,M,A,24.0,SC,D60,,24,85,115
18-Mar-2006,Chaetodipus baileyi,N,M,A,35.0,SC,H80,broken,25,92,40
18-Mar-2006,Chaetodipus baileyi,N,M,A,24.0,SC,C30,,25,90,110
18-Mar-2006,Chaetodipus baileyi,N,M,A,33.0,SC,K70,,24,96,115
18-Mar-2006,Chaetodipus baileyi,N,F,A,,NR,K20,"mass, rhf not recorded",,88,115
18-Mar-2006,Chaetodipus penicillatus,N,M,S,13.0,SC,G30,"cool, clear weather, moon phase 1/2",20,61,83
18-Mar-2006,Chaetodipus penicillatus,N,F,A,21.0,NR,B50,TAIL BROKEN IN PAST,21,70,52
18-Mar-2006,Chaetodipus penicillatus,N,F,A,,NR,C50,mass not recorded,22,82,110
18-Mar-2006,Dipodomys merriami,N,F,A,38.0,NR,G15,,34,104,123
18-Mar-2006,Dipodomys merriami,N,M,A,39.0,SC,I10,,31,100,133
18-Mar-2006,Dipodomys merriami,N,M,A,39.0,SC,E40,,33,102,130
18-Mar-2006,Dipodomys merriami,N,M,A,43.0,SC,E50,,33,104,121
18-Mar-2006,Dipodomys merriami,N,F,A,37.0,PO,F90,,35,90,130
18-Mar-2006,Dipodomys merriami,N,F,A,36.0,NR,L20,,34,90,140
18-Mar-2006,Dipodomys merriami,N,M,A,37.0,SC,C70,,32,100,130
18-Mar-2006,Dipodomys merriami,N,M,A,40.0,SC,K50,,34,103,135
18-Mar-2006,Dipodomys merriami,N,M,A,41.0,SC,K60,,32,105,140
18-Mar-2006,Dipodomys merriami,N,F,,43.0,RC,K40,"broken, age, body not recorded",35,,95
18-Mar-2006,Neotoma albigula,N,F,A,207.0,LA,I50,,,,
18-Mar-2006,Neotoma albigula,N,F,S,114.0,PL,A50,,,,
18-Mar-2006,Neotoma albigula,N,M,A,137.0,NR,E30,,,,
18-Mar-2006,Neotoma albigula,N,F,S,110.0,NR,E80,,,,
18-Mar-2006,Neotoma albigula,N,M,J,72.0,NR,E90,,,,
18-Mar-2006,Neotoma albigula,N,,,170.0,,J90,"sex, age, repro not recorded",,,
18-Mar-2006,Neotoma albigula,N,,J,109.0,,L40,"sex, repro not recorded",,,
18-Mar-2006,Neotoma albigula,N,,,169.0,,,"trap, sex, age, repro not recorded",,,
18-Mar-2006,Neotoma albigula,N,M,A,,124,C80,broken,,,
18-Mar-2006,Peromyscus eremicus,N,F,SA,17.0,NR,G90,,20,80,100
17-Mar-2007,Chaetodipus baileyi,N,F,A,26.0,NR,I90,,,,
17-Mar-2007,Chaetodipus baileyi,N,M,A,25.0,NR,I80,,,,
17-Mar-2007,Chaetodipus baileyi,N,M,A,28.0,NR,L100,,,,
17-Mar-2007,Chaetodipus baileyi,N,F,,25.0,NR,C70,,,,
17-Mar-2007,Chaetodipus baileyi,N,M,A,28.0,R,J80,,,,
17-Mar-2007,Chaetodipus baileyi,N,F,A,23.0,NR,C40,,,,
17-Mar-2007,Chaetodipus baileyi,N,F,A,23.0,NR,C20,,,,
17-Mar-2007,Chaetodipus baileyi,N,M,A,25.0,R,B30,,,,
17-Mar-2007,Chaetodipus baileyi,N,F,A,21.0,NR,G30,,,,
17-Mar-2007,Chaetodipus baileyi,N,M,A,40.0,R,G15,,,,
17-Mar-2007,Chaetodipus baileyi,N,M,A,30.0,R,H80,,,,
17-Mar-2007,Chaetodipus baileyi,N,F,A,30.0,NR,H100,,,,
17-Mar-2007,Chaetodipus baileyi,N,M,A,26.0,NR,A40,,,,
17-Mar-2007,Chaetodipus baileyi,N,F,A,20.0,NR,A15,,,,
17-Mar-2007,Chaetodipus baileyi,N,M,A,32.0,R,D50,,,,
17-Mar-2007,Chaetodipus baileyi,N,F,,21.0,NR,D40,,,,
17-Mar-2007,Chaetodipus baileyi,N,M,A,28.0,,L20,,,,
17-Mar-2007,Chaetodipus baileyi,N,F,A,21.0,NR,B50,,,,
17-Mar-2007,Chaetodipus baileyi,N,M,A,32.0,R,K70,,,,
17-Mar-2007,Chaetodipus baileyi,N,F,A,23.0,NR,J40,,,,
17-Mar-2007,Chaetodipus baileyi,N,F,A,30.0,NR,J50,,,,
17-Mar-2007,Chaetodipus penicillatus,N,F,A,15.0,NR,E20,,,,
17-Mar-2007,Chaetodipus penicillatus,N,M,J,13.0,NR,E50,,,,
17-Mar-2007,Dipodomys merriami,N,F,A,25.0,NR,C60,,,,
17-Mar-2007,Dipodomys merriami,N,F,A,34.0,NR,G50,,,,
17-Mar-2007,Dipodomys merriami,N,F,A,36.0,NR,G40,,,,
17-Mar-2007,Dipodomys merriami,N,F,A,50.0,R,H40,,,,
17-Mar-2007,Dipodomys merriami,N,M,A,39.0,R,D70,,,,
17-Mar-2007,Dipodomys merriami,N,F,A,26.0,NR,J60,,,,
17-Mar-2007,Dipodomys merriami,N,F,A,41.0,NR,F80,,,,
17-Mar-2007,Neotoma albigula,N,F,A,,R,I40,broken tail,,,
17-Mar-2007,Neotoma albigula,N,,J,69.0,,L70,,,,
17-Mar-2007,Neotoma albigula,N,F,A,,R,G40,,,,
17-Mar-2007,Neotoma albigula,N,F,J,,NR,H50,,,,
17-Mar-2007,Neotoma albigula,N,F,A,,R,H70,,,,
17-Mar-2007,Neotoma albigula,N,F,A,,R,H90,,,,
17-Mar-2007,Neotoma albigula,N,esca.,,,,D60,,,,
17-Mar-2007,Neotoma albigula,N,F,,,,J50,,,,
18-Mar-2007,Chaetodipus baileyi,N,F,,23.0,NR,H80,,ADULT,,
18-Mar-2007,Chaetodipus baileyi,N,F,A,25.0,NR,B50,,,,
18-Mar-2007,Chaetodipus baileyi,N,M,A,29.0,R,B80,,,,
18-Mar-2007,Chaetodipus baileyi,N,F,S,20.0,NR,C90,,,,
18-Mar-2007,Chaetodipus baileyi,N,M,A,26.0,NR,G100,,,,
18-Mar-2007,Chaetodipus baileyi,N,M,A,27.0,R,G30,lactating,,,
18-Mar-2007,Chaetodipus baileyi,N,M,A,23.0,R,K90,CLEAR AND COOL,,,
18-Mar-2007,Chaetodipus baileyi,N,F,A,20.0,NR,F70,broken tail,,,
18-Mar-2007,Chaetodipus baileyi,N,F,A,21.0,NR,F40,,,,
18-Mar-2007,Chaetodipus baileyi,N,F,A,24.0,NR,I80,,,,
18-Mar-2007,Chaetodipus baileyi,N,F,A,22.0,NR,I40,,,,
18-Mar-2007,Chaetodipus baileyi,N,F,A,24.0,NR,H20,,,,
18-Mar-2007,Chaetodipus baileyi,N,F,A,24.0,NR,J60,,,,
18-Mar-2007,Chaetodipus baileyi,N,F,,26.0,NR,B90,,ADULT,,
18-Mar-2007,Chaetodipus baileyi,N,F,,23.0,NR,D5,,ADULT,,
18-Mar-2007,Chaetodipus baileyi,N,M,,31.0,R,D15,,ADULT,,
18-Mar-2007,Chaetodipus baileyi,N,F,,20.0,NR,D40,,ADULT,,
18-Mar-2007,Chaetodipus baileyi,N,M,,28.0,NR,D100,,ADULT,,
18-Mar-2007,Chaetodipus baileyi,N,F,,22.0,NR,D80,,ADULT,,
18-Mar-2007,Chaetodipus baileyi,N,M,,26.0,R,A80,,ADULT,,
18-Mar-2007,Chaetodipus baileyi,N,M,,28.0,NR,A100,,ADULT,,
18-Mar-2007,Chaetodipus baileyi,N,M,,25.0,NR,E90,,ADULT,,
18-Mar-2007,Chaetodipus baileyi,N,M,,20.0,R,E60,,ADULT,,
18-Mar-2007,Chaetodipus baileyi,N,M,,25.0,R,E100,,ADULT,,
18-Mar-2007,Chaetodipus baileyi,N,F,,20.0,NR,E100,,ADULT,,
18-Mar-2007,Chaetodipus baileyi,N,F,,24.0,NR,F80,,ADULT,,
18-Mar-2007,Chaetodipus baileyi,N,M,,26.0,R,H70,,ADULT,,
18-Mar-2007,Chaetodipus baileyi,N,F,,23.0,NR,J40,,ADULT,,
18-Mar-2007,Chaetodipus baileyi,N,M,,37.0,R,J10,,ADULT,,
18-Mar-2007,Chaetodipus baileyi,Y,M,A,25.0,,B30,,,,
18-Mar-2007,Chaetodipus baileyi,Y,F,A,21.0,NR,C20,,,,
18-Mar-2007,Chaetodipus baileyi,Y,F,A,25.0,NR,A40,,,,
18-Mar-2007,Chaetodipus baileyi,Y,F,A,20.0,NR,A20,,,,
18-Mar-2007,Chaetodipus baileyi,Y,M,A,39.0,R,G15,,,,
18-Mar-2007,Chaetodipus baileyi,Y,F,A,27.0,NR,G05,,,,
18-Mar-2007,Chaetodipus baileyi,Y,M,A,,R,K70,,,,
18-Mar-2007,Chaetodipus baileyi,,,,,,K20,GOT OUT OF TRAP,ADULT,,
18-Mar-2007,Chaetodipus penicillatus,Y,M,,12.0,NR,E50,,ADULT,,
18-Mar-2007,Chaetodipus penicillatus,Y,F,,12.0,NR,E20,,ADULT,,
18-Mar-2007,Dipodomys merriami,N,F,A,36.0,NR,F50,genital sore. Hard mass,,,
18-Mar-2007,Dipodomys merriami,N,F,J,17.0,NR,I10,,,,
18-Mar-2007,Dipodomys merriami,N,F,,34.0,NR,F90,,ADULT,,
18-Mar-2007,Dipodomys merriami,Y,,,47.0,,H60,,ADULT,,
18-Mar-2007,Neotoma albigula,N,M,J,60.0,NR,A90,broken tail,,,
18-Mar-2007,Neotoma albigula,N,F,A,20.0,R,G70,,,,
18-Mar-2007,Neotoma albigula,N,F,A,190.0,R,I70,,,,
18-Mar-2007,Neotoma albigula,N,M,,230.0,R,D30,,ADULT,,
18-Mar-2007,Neotoma albigula,N,F,,155.0,R,D60,,ADULT,,
18-Mar-2007,Neotoma albigula,N,F,,180.0,R,L60,,ADULT,,
18-Mar-2007,Neotoma albigula,N,F,,170.0,R,A50,,ADULT,,
18-Mar-2007,Neotoma albigula,N,M,,180.0,,A30,,ADULT,,
18-Mar-2007,Neotoma albigula,N,,,75.0,NR,H50,,JUVINILE,,
18-Mar-2007,Neotoma albigula,N,F,,,NR,H30,,ADULT,,
18-Mar-2007,Neotoma albigula,Y,,,,,G40,,,,
18-Mar-2007,Neotoma albigula,Y,F,J,150.0,R,J15,lactating,,,
18-Mar-2007,Onychomys torridus,N,F,A,26.0,R,B40,lactating,,,
18-Mar-2007,Onychomys torridus,N,M,J,11.0,NR,H40,,,,
18-Mar-2007,Onychomys torridus,N,F,,12.0,NR,B20,,JUVINILE,,
18-Mar-2007,Onychomys torridus,N,F,,10.0,NR,F15,,JUVINILE,,
22-Mar-2008,Neotoma albigula,N,F,A,210.0,R,D-60,,,,
22-Mar-2008,Chaetodipus penicillatus,N,F,A,25.0,NR,F-90,FOUND DEAD IN TRAP,,,
22-Mar-2008,Dipodomys merriami,N,M,A,,R,CTR,,32,,140
22-Mar-2008,Dipodomys merriami,N,M,A,42.0,NR,CTR,,,,
22-Mar-2008,Dipodomys merriami,N,F,A,44.0,NR,CTR,,,,
22-Mar-2008,Chaetodipus penicillatus,N,F,A,24.0,NR,H-80,,,,
22-Mar-2008,Neotoma albigula,N,F,A,150.0,R,H-70,,,,
22-Mar-2008,Chaetodipus baileyi,N,F,A,26.0,NR,H-15,,,,
22-Mar-2008,Chaetodipus baileyi,N,M,A,22.0,R,I-40,,,,
22-Mar-2008,Chaetodipus baileyi,N,M,A,31.0,R,C-30,,,,
22-Mar-2008,Dipodomys merriami,N,M,A,33.0,R,C-70,,,,
22-Mar-2008,Dipodomys merriami,N,M,A,44.0,R,39477,,,,
22-Mar-2008,Dipodomys merriami,N,F,A,24.0,NR,F-50,,,,
22-Mar-2008,Neotoma albigula,N,F,A,175.0,R,I-70,,,,
22-Mar-2008,Neotoma albigula,N,F,A,150.0,R,C-15,,,,
22-Mar-2008,Dipodomys merriami,N,F,A,36.0,NR,C-70,,,,
22-Mar-2008,Neotoma albigula,N,M,J,86.0,NR,I-5,,,,
22-Mar-2008,Chaetodipus baileyi,N,M,A,30.0,R,J-70,,23,80,93
22-Mar-2008,Chaetodipus baileyi,N,M,J,14.0,NR,K-15,TORPID BUT ok WHEN WARMED,,,
22-Mar-2008,Neotoma albigula,N,F,A,150.0,R,K-70,,,,
23-Mar-2008,Chaetodipus baileyi,N,M,A,34.0,NR,F-90,,,,
23-Mar-2008,Chaetodipus baileyi,N,F,A,22.0,NR,E-20,,27,,
23-Mar-2008,Neotoma albigula,R,M,A,180.0,R,E-100,,,,
23-Mar-2008,Neotoma albigula,N,M,J,74.0,NR,B-20,,,,
23-Mar-2008,Dipodomys merriami,N,F,A,39.0,NR,F-70,,,,
23-Mar-2008,Neotoma albigula,R,F,A,210.0,R,F-80,LACTATING AND PREGNANT,,,
23-Mar-2008,Chaetodipus baileyi,N,F,A,23.0,NR,A-20,,24,,
23-Mar-2008,Dipodomys merriami,R,M,A,38.0,R,A-30,,,,
23-Mar-2008,Neotoma albigula,N,F,J,85.0,NR,C-30,,,,
23-Mar-2008,Dipodomys merriami,R,M,A,45.0,R,C-80,,,,
23-Mar-2008,Chaetodipus baileyi,N,F,A,22.0,NR,C-100,,,,
23-Mar-2008,Neotoma albigula,R,F,A,175.0,R,G-40,LACTATING,,,
23-Mar-2008,Neotoma albigula,N,F,A,210.0,NR,C-40,,,,
23-Mar-2008,Dipodomys merriami,N,F,A,35.0,NR,I-80,,,,
23-Mar-2008,Chaetodipus baileyi,N,F,A,,NR,H-60,TORPID BUT ok WHEN WARMED,,,
23-Mar-2008,Chaetodipus baileyi,N,F,A,29.0,R,I-50,,,,
23-Mar-2008,Dipodomys merriami,R,M,A,,,H-15,DEAD IN TRAP,,,
23-Mar-2008,Dipodomys merriami,R,U,A,,,H-80,TORPID BUT ok WHEN WARMED,,,
23-Mar-2008,Chaetodipus baileyi,N,F,A,24.0,NR,H-50,,,,
23-Mar-2008,Neotoma albigula,R,F,A,,R,H-70,,,,
23-Mar-2008,Chaetodipus baileyi,N,F,A,23.0,NR,J-80,,23,,
23-Mar-2008,Neotoma albigula,N,F,A,190.0,R,J-70,LACTATING,,,
23-Mar-2008,Neotoma albigula,N,F,A,185.0,R,J-50,LACTATING AND BROKEN TAIL,,,
23-Mar-2008,Neotoma albigula,R,F,A,,R,K-70,BROKEN TAIL,,,
23-Mar-2008,Neotoma albigula,N,M,A,185.0,R,K-50,,,,
23-Mar-2008,Dipodomys merriami,R,F,A,36.0,R,L-40,GIVING BIRTH,,,
23-Mar-2008,Dipodomys merriami,N,M,A,40.0,R,L-60,,,,
23-Mar-2008,Chaetodipus baileyi,N,F,A,28.0,NR,L-100,,,,
23-Mar-2008,Neotoma albigula,R,F,A,135.0,R,L-15,lactating,,,
23-Mar-2008,Neotoma albigula,N,F,A,190.0,R,L-50,lactating,,,